aclnn_api,torch_npu,torch_npu_via_ops,mindspore,mindspore_pyboost,mindspore_kbk,mindspore_via_ops
aclnnAbs,вњ…,abs;abs.out;abs_,вњ…,вњ…,вњ…,Abs;IsInf
aclnnAcos,вњ…,acos;acos.out,вњ…,вњ…,вњ…,AcosExt
aclnnAcosh,вњ…,acosh;acosh.out,вњ…,вњ…,вњ…,AcoshExt
aclnnAdaLayerNorm,вњ–пёЏ,,вњ–пёЏ,вњ–пёЏ,вњ–пёЏ,
aclnnAdaLayerNormQuant,вњ–пёЏ,,вњ–пёЏ,вњ–пёЏ,вњ–пёЏ,
aclnnAdaLayerNormV2,вњ–пёЏ,,вњ–пёЏ,вњ–пёЏ,вњ–пёЏ,
aclnnAdaptiveAvgPool2d,вњ…,_adaptive_avg_pool2d;adaptive_avg_pool2d;adaptive_avg_pool2d.out,вњ…,вњ…,вњ…,AdaptiveAvgPool2DExt
aclnnAdaptiveAvgPool2dBackward,вњ…,_adaptive_avg_pool2d_backward,вњ…,вњ…,вњ…,AdaptiveAvgPool2DGradExt
aclnnAdaptiveAvgPool3d,вњ…,_adaptive_avg_pool3d;adaptive_avg_pool3d.out,вњ…,вњ…,вњ…,AdaptiveAvgPool3DExt;AdaptiveAvgPool3dExt
aclnnAdaptiveAvgPool3dBackward,вњ…,_adaptive_avg_pool3d_backward;adaptive_avg_pool3d_backward.grad_input,вњ…,вњ…,вњ…,AdaptiveAvgPool3DGradExt
aclnnAdaptiveMaxPool2d,вњ…,adaptive_max_pool2d;adaptive_max_pool2d.out,вњ…,вњ…,вњ…,AdaptiveMaxPool2D;AdaptiveMaxPool2d
aclnnAdaptiveMaxPool2dBackward,вњ…,adaptive_max_pool2d_backward;adaptive_max_pool2d_backward.grad_input,вњ…,вњ…,вњ…,AdaptiveMaxPool2DGrad;AdaptiveMaxPool2dGrad
aclnnAdaptiveMaxPool3d,вњ…,adaptive_max_pool3d;adaptive_max_pool3d.out,вњ–пёЏ,вњ–пёЏ,вњ–пёЏ,
aclnnAdaptiveMaxPool3dBackward,вњ…,adaptive_max_pool3d_backward;adaptive_max_pool3d_backward.grad_input,вњ–пёЏ,вњ–пёЏ,вњ–пёЏ,
aclnnAdd,вњ…,add.Scalar;add.Tensor;add.out,вњ…,вњ…,вњ…,Add;AddExt;Dense
aclnnAddLayerNorm,вњ…,npu_add_layer_norm,вњ…,вњ…,вњ…,AddLayerNormV2;AddLayernormV2
aclnnAddLayerNormGrad,вњ…,npu_add_layer_norm_backward,вњ…,вњ…,вњ…,AddLayerNormGrad
aclnnAddLora,вњ…,npu_batch_gather_matmul;npu_batch_gather_matmul_,вњ–пёЏ,вњ–пёЏ,вњ–пёЏ,
aclnnAddRelu,вњ…,_add_relu.Tensor;_add_relu.out,вњ–пёЏ,вњ–пёЏ,вњ–пёЏ,
aclnnAddRmsNorm,вњ…,npu_add_rms_norm,вњ…,вњ…,вњ…,AddRmsNorm
aclnnAddRmsNormCast,вњ…,npu_add_rms_norm_cast,вњ–пёЏ,вњ–пёЏ,вњ–пёЏ,
aclnnAddRmsNormDynamicQuant,вњ–пёЏ,,вњ–пёЏ,вњ–пёЏ,вњ–пёЏ,
aclnnAddRmsNormDynamicQuantV2,вњ…,npu_add_rms_norm_dynamic_quant,вњ–пёЏ,вњ–пёЏ,вњ–пёЏ,
aclnnAddRmsNormQuant,вњ…,npu_add_rms_norm_quant,вњ…,вњ…,вњ…,AddRmsNormQuantV2;AddRmsnormQuantV2
aclnnAddRmsNormQuantV2,вњ…,npu_add_rms_norm_quant,вњ–пёЏ,вњ–пёЏ,вњ–пёЏ,
aclnnAddbmm,вњ…,addbmm;addbmm.out;addbmm_,вњ…,вњ…,вњ…,Addbmm
aclnnAddcdiv,вњ…,addcdiv;addcdiv.out,вњ…,вњ…,вњ…,AddcdivExt
aclnnAddcmul,вњ…,addcmul;addcmul.out,вњ…,вњ…,вњ…,AddcmulExt
aclnnAddmm,вњ…,addmm;addmm.out;npu_linear,вњ…,вњ…,вњ…,Addmm;Dense
aclnnAddmmWeightNz,вњ…,addmm;addmm.out,вњ–пёЏ,вњ–пёЏ,вњ–пёЏ,
aclnnAddmv,вњ…,addmv;addmv.out;addmv_,вњ…,вњ…,вњ…,Addmv
aclnnAddr,вњ…,addr;addr.out,вњ–пёЏ,вњ–пёЏ,вњ–пёЏ,
aclnnAdds,вњ…,add.Scalar;add.Tensor;add.out,вњ…,вњ…,вњ…,AddScalar
aclnnAdvanceStep,вњ…,npu_advance_step_flashattn,вњ–пёЏ,вњ–пёЏ,вњ–пёЏ,
aclnnAdvanceStepV2,вњ…,npu_advance_step_flashattn,вњ–пёЏ,вњ–пёЏ,вњ–пёЏ,
aclnnAffineGrid,вњ…,,вњ–пёЏ,вњ–пёЏ,вњ–пёЏ,
aclnnAll,вњ…,all;all.all_out;all.dim;all.out,вњ…,вњ…,вњ…,ReduceAll
aclnnAllGatherMatmul,вњ…,npu_all_gather_base_mm,вњ…,вњ…,вњ…,AllGatherMatmul
aclnnAllGatherMatmulV2,вњ…,npu_all_gather_base_mm;npu_all_gather_quant_mm,вњ–пёЏ,вњ–пёЏ,вњ–пёЏ,
aclnnAlltoAllAllGatherBatchMatMul,вњ–пёЏ,,вњ…,вњ–пёЏ,вњ…,AlltoAllAllGatherBatchMatMul
aclnnAlltoAllvGroupedMatMul,вњ…,,вњ–пёЏ,вњ–пёЏ,вњ–пёЏ,
aclnnAmax,вњ…,amax;amax.out,вњ…,вњ…,вњ…,ReduceMax
aclnnAmin,вњ…,amin;amin.out,вњ…,вњ…,вњ…,ReduceMin
aclnnAminmax,вњ…,aminmax.out,вњ–пёЏ,вњ–пёЏ,вњ–пёЏ,
aclnnAminmaxAll,вњ…,_aminmax,вњ–пёЏ,вњ–пёЏ,вњ–пёЏ,
aclnnAminmaxDim,вњ…,_aminmax.dim,вњ–пёЏ,вњ–пёЏ,вњ–пёЏ,
aclnnAny,вњ…,any;any.all_out;any.dim;any.out,вњ…,вњ…,вњ…,ReduceAny
aclnnApplyAdamW,вњ…,npu_apply_adam_w.out,вњ–пёЏ,вњ–пёЏ,вњ–пёЏ,
aclnnApplyAdamWQuant,вњ–пёЏ,,вњ–пёЏ,вњ–пёЏ,вњ–пёЏ,
aclnnApplyAdamWV2,вњ…,,вњ…,вњ…,вњ…,AdamW;Adamw
aclnnApplyFusedEmaAdam,вњ–пёЏ,,вњ–пёЏ,вњ–пёЏ,вњ–пёЏ,
aclnnApplyRotaryPosEmb,вњ–пёЏ,,вњ…,вњ…,вњ…,ApplyRotaryPosEmb
aclnnApplyRotaryPosEmbV2,вњ…,npu_apply_rotary_pos_emb,вњ–пёЏ,вњ–пёЏ,вњ–пёЏ,
aclnnApplyTopKTopP,вњ…,npu_top_k_top_p,вњ–пёЏ,вњ–пёЏ,вњ–пёЏ,
aclnnArange,вњ…,arange;arange.out;arange.start;arange.start_out;arange.start_step,вњ…,вњ…,вњ…,Arange
aclnnArgMax,вњ…,argmax.out,вњ…,вњ…,вњ…,ArgMaxExt;ArgmaxExt
aclnnArgMin,вњ…,argmin;argmin.out,вњ…,вњ…,вњ…,ArgMinExt;ArgminExt
aclnnArgsort,вњ–пёЏ,,вњ…,вњ…,вњ…,
aclnnAscendAntiQuant,вњ…,npu_anti_quant,вњ–пёЏ,вњ–пёЏ,вњ–пёЏ,
aclnnAscendQuant,вњ…,,вњ…,вњ…,вњ…,QuantV2
aclnnAscendQuantV3,вњ…,,вњ–пёЏ,вњ–пёЏ,вњ–пёЏ,
aclnnAsin,вњ…,asin;asin.out,вњ…,вњ…,вњ…,AsinExt
aclnnAsinh,вњ…,asinh;asinh.out,вњ…,вњ…,вњ…,AsinhExt
aclnnAtan,вњ…,atan;atan.out,вњ…,вњ…,вњ…,AtanExt
aclnnAtan2,вњ…,atan2;atan2.out,вњ…,вњ…,вњ…,Atan2Ext
aclnnAtanh,вњ…,atanh;atanh.out,вњ…,вњ…,вњ…,Atanh
aclnnAttentionUpdate,вњ…,npu_attention_update,вњ–пёЏ,вњ–пёЏ,вњ–пёЏ,
aclnnAvgPool2d,вњ…,avg_pool2d;avg_pool2d.out,вњ…,вњ…,вњ…,AvgPool1D;AvgPool2D;AvgPool2d
aclnnAvgPool2dBackward,вњ…,avg_pool2d_backward;avg_pool2d_backward.grad_input,вњ…,вњ…,вњ…,AvgPool2DGrad;AvgPool2dGrad
aclnnAvgPool3d,вњ…,avg_pool3d;avg_pool3d.out,вњ…,вњ…,вњ…,AvgPool3DExt;AvgPool3dExt
aclnnAvgPool3dBackward,вњ…,avg_pool3d_backward;avg_pool3d_backward.grad_input,вњ…,вњ…,вњ…,AvgPool3DGradExt;AvgPool3dGradExt
aclnnBackgroundReplace,вњ–пёЏ,,вњ–пёЏ,вњ–пёЏ,вњ–пёЏ,
aclnnBaddbmm,вњ…,baddbmm;baddbmm.out;baddbmm_,вњ…,вњ…,вњ…,Baddbmm
aclnnBatchMatMul,вњ…,affine_grid_generator_backward;bmm;bmm.out,вњ…,вњ…,вњ…,BatchMatMulExt;BmmExt
aclnnBatchMatMulReduceScatterAlltoAll,вњ–пёЏ,,вњ…,вњ–пёЏ,вњ…,BatchMatMulReduceScatterAlltoAll
aclnnBatchMatMulWeightNz,вњ…,bmm;bmm.out,вњ–пёЏ,вњ–пёЏ,вњ–пёЏ,
aclnnBatchMatmulQuant,вњ–пёЏ,,вњ–пёЏ,вњ–пёЏ,вњ–пёЏ,
aclnnBatchNorm,вњ…,native_batch_norm;native_batch_norm.out,вњ…,вњ…,вњ…,BatchNormExt
aclnnBatchNormBackward,вњ…,native_batch_norm_backward,вњ…,вњ…,вњ…,BatchNormGradExt
aclnnBatchNormElemt,вњ…,batch_norm_elemt;batch_norm_elemt.out,вњ…,вњ…,вњ…,BatchNormElemt
aclnnBatchNormElemtBackward,вњ…,batch_norm_backward_elemt,вњ…,вњ…,вњ…,BatchNormElemtGrad
aclnnBatchNormGatherStatsWithCounts,вњ…,batch_norm_gather_stats_with_counts,вњ…,вњ…,вњ…,BatchNormGatherStatsWithCounts
aclnnBatchNormReduce,вњ…,batch_norm_reduce,вњ–пёЏ,вњ–пёЏ,вњ–пёЏ,
aclnnBatchNormReduceBackward,вњ…,batch_norm_backward_reduce,вњ…,вњ…,вњ…,BatchNormReduceGrad
aclnnBatchNormStats,вњ…,batch_norm_stats,вњ…,вњ…,вњ…,BatchNormStats
aclnnBernoulli,вњ–пёЏ,,вњ–пёЏ,вњ–пёЏ,вњ–пёЏ,
aclnnBernoulliTensor,вњ–пёЏ,,вњ–пёЏ,вњ–пёЏ,вњ–пёЏ,
aclnnBidirectionLSTM,вњ–пёЏ,,вњ–пёЏ,вњ–пёЏ,вњ–пёЏ,
aclnnBidirectionLSTMV2,вњ–пёЏ,,вњ–пёЏ,вњ–пёЏ,вњ–пёЏ,
aclnnBinaryCrossEntropy,вњ…,binary_cross_entropy;binary_cross_entropy.out,вњ…,вњ…,вњ…,BinaryCrossEntropy
aclnnBinaryCrossEntropyBackward,вњ…,binary_cross_entropy_backward;binary_cross_entropy_backward.grad_input,вњ…,вњ…,вњ…,BinaryCrossEntropyGrad
aclnnBinaryCrossEntropyWithLogits,вњ…,binary_cross_entropy_with_logits,вњ…,вњ…,вњ…,BCEWithLogitsLoss;BinaryCrossEntropyWithLogits
aclnnBinaryCrossEntropyWithLogitsBackward,вњ…,npu_binary_cross_entropy_with_logits_backward,вњ…,вњ…,вњ…,BinaryCrossEntropyWithLogitsBackward
aclnnBinaryCrossEntropyWithLogitsTargetBackward,вњ–пёЏ,,вњ–пёЏ,вњ–пёЏ,вњ–пёЏ,
aclnnBincount,вњ…,bincount,вњ…,вњ…,вњ…,BincountExt
aclnnBitwiseAndScalar,вњ…,bitwise_and.Scalar;bitwise_and.Scalar_out;bitwise_and.Tensor;bitwise_and.Tensor_out,вњ…,вњ…,вњ…,BitwiseAndScalar
aclnnBitwiseAndTensor,вњ…,bitwise_and.Scalar;bitwise_and.Scalar_out;bitwise_and.Tensor;bitwise_and.Tensor_out,вњ…,вњ…,вњ…,BitwiseAndTensor
aclnnBitwiseNot,вњ…,bitwise_not;bitwise_not.out;bitwise_not_,вњ…,вњ…,вњ…,BitwiseNot
aclnnBitwiseOrScalar,вњ…,bitwise_or.Scalar;bitwise_or.Scalar_out;bitwise_or.Tensor;bitwise_or.Tensor_out,вњ…,вњ…,вњ…,BitwiseOrScalar
aclnnBitwiseOrTensor,вњ…,bitwise_or.Scalar;bitwise_or.Scalar_out;bitwise_or.Tensor;bitwise_or.Tensor_out,вњ…,вњ…,вњ…,BitwiseOrTensor
aclnnBitwiseXorScalar,вњ…,bitwise_xor.Scalar;bitwise_xor.Scalar_out;bitwise_xor.Tensor;bitwise_xor.Tensor_out,вњ…,вњ…,вњ…,BitwiseXorScalar
aclnnBitwiseXorTensor,вњ…,bitwise_xor.Scalar;bitwise_xor.Scalar_out;bitwise_xor.Tensor;bitwise_xor.Tensor_out,вњ…,вњ…,вњ…,BitwiseXorTensor
aclnnBlendImagesCustom,вњ–пёЏ,,вњ–пёЏ,вњ–пёЏ,вњ–пёЏ,
aclnnCalculateConvolutionWeightSize,вњ–пёЏ,,вњ–пёЏ,вњ–пёЏ,вњ–пёЏ,
aclnnCalculateMatmulWeightSize,вњ–пёЏ,,вњ–пёЏ,вњ–пёЏ,вњ–пёЏ,
aclnnCalculateMatmulWeightSizeV2,вњ–пёЏ,,вњ–пёЏ,вњ–пёЏ,вњ–пёЏ,
aclnnCast,вњ…,_npu_dtype_cast;npu_dtype_cast,вњ…,вњ…,вњ…,Cast;MultiScaleDeformableAttn;MultiScaleDeformableAttnGrad
aclnnCat,вњ…,cat;cat.names;cat.names_out;cat.out,вњ…,вњ…,вњ…,Concat
aclnnCeil,вњ…,ceil;ceil.out,вњ…,вњ…,вњ…,Ceil
aclnnCelu,вњ…,celu,вњ–пёЏ,вњ–пёЏ,вњ–пёЏ,
aclnnChamferDistanceBackward,вњ–пёЏ,,вњ–пёЏ,вњ–пёЏ,вњ–пёЏ,
aclnnChannelShuffle,вњ…,channel_shuffle,вњ–пёЏ,вњ–пёЏ,вњ–пёЏ,
aclnnCircularPad2d,вњ–пёЏ,,вњ–пёЏ,вњ–пёЏ,вњ–пёЏ,
aclnnCircularPad2dBackward,вњ–пёЏ,,вњ–пёЏ,вњ–пёЏ,вњ–пёЏ,
aclnnCircularPad3d,вњ–пёЏ,,вњ–пёЏ,вњ–пёЏ,вњ–пёЏ,
aclnnCircularPad3dBackward,вњ–пёЏ,,вњ–пёЏ,вњ–пёЏ,вњ–пёЏ,
aclnnClamp,вњ…,clamp;clamp.out;clamp_,вњ…,вњ…,вњ…,ClampScalar;InplaceClampScalar
aclnnClampMax,вњ…,clamp_max;clamp_max.out,вњ–пёЏ,вњ–пёЏ,вњ–пёЏ,
aclnnClampMaxTensor,вњ…,clamp_max.Tensor;clamp_max.Tensor_out,вњ–пёЏ,вњ–пёЏ,вњ–пёЏ,
aclnnClampMin,вњ…,clamp_min;clamp_min.out;clamp_min_,вњ…,вњ…,вњ…,ClampMin
aclnnClampMinTensor,вњ…,clamp_min.Tensor;clamp_min.Tensor_out,вњ–пёЏ,вњ–пёЏ,вњ–пёЏ,
aclnnClampTensor,вњ…,clamp.Tensor;clamp.Tensor_out;clamp_.Tensor,вњ…,вњ…,вњ…,ClampTensor;InplaceClampTensor
aclnnClippedSwiglu,вњ…,npu_clipped_swiglu,вњ–пёЏ,вњ–пёЏ,вњ–пёЏ,
aclnnComplex,вњ…,complex;complex.out,вњ–пёЏ,вњ–пёЏ,вњ–пёЏ,
aclnnConstantPadNd,вњ…,constant_pad_nd,вњ…,вњ…,вњ…,ConstantPadND;ConvolutionStr
aclnnConvDepthwise2d,вњ…,_conv_depthwise2d;_conv_depthwise2d.out,вњ–пёЏ,вњ–пёЏ,вњ–пёЏ,
aclnnConvTbc,вњ…,conv_tbc,вњ–пёЏ,вњ–пёЏ,вњ–пёЏ,
aclnnConvTbcBackward,вњ…,conv_tbc_backward,вњ–пёЏ,вњ–пёЏ,вњ–пёЏ,
aclnnConvertWeightToINT4Pack,вњ–пёЏ,,вњ–пёЏ,вњ–пёЏ,вњ–пёЏ,
aclnnConvolution,вњ…,_convolution;_nnpack_spatial_convolution;_slow_conv2d_forward;_slow_conv2d_forward.output;convolution_overrideable;slow_conv3d_forward;slow_conv3d_forward.output;slow_conv_dilated2d;slow_conv_transpose2d;slow_conv_transpose2d.out,вњ…,вњ…,вњ…,Conv1DExt;Conv2DExt;Conv3DExt;ConvTranspose2D;Convolution;ConvolutionStr
aclnnConvolutionBackward,вњ…,_slow_conv2d_backward.output_mask;convolution_backward;convolution_backward_overrideable;slow_conv_dilated2d_backward;slow_conv_transpose2d_backward,вњ…,вњ…,вњ…,ConvolutionGrad;ConvolutionStrGrad
aclnnCos,вњ…,cos;cos.out,вњ…,вњ…,вњ…,Cos
aclnnCosh,вњ…,cosh;cosh.out,вњ…,вњ…,вњ…,Cosh
aclnnCrossEntropyLoss,вњ…,npu_cross_entropy_loss,вњ…,вњ…,вњ…,CrossEntropyLoss
aclnnCrossEntropyLossGrad,вњ…,npu_cross_entropy_loss_backward,вњ…,вњ…,вњ…,CrossEntropyLossGrad
aclnnCtcLoss,вњ…,_ctc_loss,вњ–пёЏ,вњ–пёЏ,вњ–пёЏ,
aclnnCtcLossBackward,вњ…,_ctc_loss_backward,вњ–пёЏ,вњ–пёЏ,вњ–пёЏ,
aclnnCummax,вњ…,_cummax_helper,вњ…,вњ…,вњ…,Cummax
aclnnCummin,вњ…,_cummin_helper,вњ…,вњ…,вњ…,CumminExt
aclnnCumprod,вњ…,cumprod.out,вњ–пёЏ,вњ–пёЏ,вњ–пёЏ,
aclnnCumsum,вњ…,cumsum;cumsum.dimname_out;cumsum.out,вњ…,вњ…,вњ…,CumsumExt
aclnnCumsumV2,вњ–пёЏ,,вњ–пёЏ,вњ–пёЏ,вњ–пёЏ,
aclnnDeepNorm,вњ…,npu_deep_norm,вњ–пёЏ,вњ–пёЏ,вњ–пёЏ,
aclnnDeepNormGrad,вњ…,npu_deep_norm_backward,вњ–пёЏ,вњ–пёЏ,вњ–пёЏ,
aclnnDeformableConv2d,вњ…,npu_deformable_conv2d,вњ–пёЏ,вњ–пёЏ,вњ–пёЏ,
aclnnDequantBias,вњ–пёЏ,,вњ–пёЏ,вњ–пёЏ,вњ–пёЏ,
aclnnDequantRopeQuantKvcache,вњ…,npu_dequant_rope_quant_kvcache;npu_rope_quant_kvcache,вњ–пёЏ,вњ–пёЏ,вњ–пёЏ,
aclnnDequantSwigluQuant,вњ…,npu_dequant_swiglu_quant,вњ…,вњ…,вњ…,DequantSwigluQuant
aclnnDiag,вњ–пёЏ,,вњ…,вњ…,вњ…,DiagExt
aclnnDiagFlat,вњ–пёЏ,,вњ–пёЏ,вњ–пёЏ,вњ–пёЏ,
aclnnDigamma,вњ–пёЏ,,вњ–пёЏ,вњ–пёЏ,вњ–пёЏ,
aclnnDistributeBarrier,вњ…,_npu_distribute_barrier,вњ–пёЏ,вњ–пёЏ,вњ–пёЏ,
aclnnDistributeBarrierV2,вњ…,_npu_distribute_barrier,вњ–пёЏ,вњ–пёЏ,вњ–пёЏ,
aclnnDiv,вњ…,div.Scalar;div.Scalar_mode;div.Tensor;div.Tensor_mode;div.out;div.out_mode,вњ…,вњ…,вњ…,Div;RealDiv
aclnnDivMod,вњ…,div.Scalar;div.Scalar_mode;div.Tensor;div.Tensor_mode;div.out;div.out_mode,вњ…,вњ…,вњ…,DivMod;Divmod
aclnnDivMods,вњ…,div.Scalar;div.Scalar_mode;div.Tensor;div.Tensor_mode;div.out;div.out_mode,вњ…,вњ…,вњ…,DivMods;Divmods
aclnnDivs,вњ…,div.Scalar;div.Scalar_mode;div.Tensor;div.Tensor_mode;div.out;div.out_mode,вњ…,вњ…,вњ…,Divs
aclnnDot,вњ…,dot;dot.out;vdot;vdot.out,вњ…,вњ…,вњ…,Dot
aclnnDropout,вњ–пёЏ,,вњ…,вњ–пёЏ,вњ…,DropoutExt
aclnnDropoutBackward,вњ–пёЏ,,вњ–пёЏ,вњ–пёЏ,вњ–пёЏ,
aclnnDropoutDoMask,вњ…,_npu_dropout;native_dropout;native_dropout_backward;npu_dropout_backward,вњ…,вњ…,вњ…,DropoutDoMaskExt;DropoutExt;DropoutGradExt
aclnnDropoutGenMask,вњ…,npu_dropout_gen_mask,вњ–пёЏ,вњ–пёЏ,вњ–пёЏ,
aclnnDropoutGenMaskV2,вњ…,_npu_dropout;_npu_dropout_gen_mask.Tensor;native_dropout,вњ…,вњ…,вњ…,DropoutExt;DropoutGenMaskExt
aclnnDropoutGenMaskV2Tensor,вњ…,_npu_dropout,вњ–пёЏ,вњ–пёЏ,вњ–пёЏ,
aclnnDynamicBlockQuant,вњ…,npu_dynamic_block_quant,вњ…,вњ…,вњ–пёЏ,DynamicBlockQuant
aclnnDynamicQuant,вњ…,,вњ–пёЏ,вњ–пёЏ,вњ–пёЏ,
aclnnDynamicQuantV2,вњ…,npu_dynamic_quant;npu_dynamic_quant_asymmetric,вњ–пёЏ,вњ–пёЏ,вњ–пёЏ,
aclnnEinsum,вњ–пёЏ,,вњ–пёЏ,вњ–пёЏ,вњ–пёЏ,
aclnnElu,вњ…,elu;elu.out,вњ…,вњ…,вњ…,EluExt
aclnnEluBackward,вњ…,elu_backward;elu_backward.grad_input,вњ…,вњ…,вњ…,EluGradExt
aclnnEmbedding,вњ…,,вњ…,вњ…,вњ…,Embedding
aclnnEmbeddingBag,вњ…,_embedding_bag;_embedding_bag_forward_only,вњ–пёЏ,вњ–пёЏ,вњ–пёЏ,
aclnnEmbeddingDenseBackward,вњ…,embedding_dense_backward,вњ…,вњ…,вњ…,EmbeddingDenseBackward
aclnnEmbeddingRenorm,вњ…,embedding_renorm_,вњ…,вњ…,вњ…,Embedding
aclnnEqScalar,вњ…,eq.Scalar;eq.Scalar_out;eq.Tensor;eq.Tensor_out,вњ…,вњ…,вњ…,EqScalar;IsInf;Isinf
aclnnEqTensor,вњ…,eq.Scalar;eq.Scalar_out;eq.Tensor;eq.Tensor_out,вњ…,вњ…,вњ…,Equal
aclnnEqual,вњ…,equal,вњ…,вњ…,вњ…,EqualExt
aclnnErf,вњ…,erf;erf.out,вњ…,вњ…,вњ…,Erf
aclnnErfc,вњ…,erfc;erfc.out,вњ…,вњ…,вњ…,Erfc
aclnnErfinv,вњ…,erfinv;erfinv.out,вњ…,вњ…,вњ…,Erfinv
aclnnExp,вњ…,exp;exp.out,вњ…,вњ…,вњ…,Exp
aclnnExp2,вњ…,exp2;exp2.out,вњ…,вњ…,вњ…,Exp2
aclnnExpSegsum,вњ–пёЏ,,вњ–пёЏ,вњ–пёЏ,вњ–пёЏ,
aclnnExpSegsumBackward,вњ–пёЏ,,вњ–пёЏ,вњ–пёЏ,вњ–пёЏ,
aclnnExpand,вњ–пёЏ,,вњ…,вњ–пёЏ,вњ…,BroadcastTo;ExpandAs;L1LossBackwardExt;L1LossExt;MSELossExt;MSELossGradExt
aclnnExpandIntoJaggedPermute,вњ–пёЏ,,вњ–пёЏ,вњ–пёЏ,вњ–пёЏ,
aclnnExpm1,вњ…,expm1;expm1.out,вњ…,вњ…,вњ…,Expm1
aclnnEye,вњ…,eye;eye.m;eye.m_out;eye.out,вњ…,вњ…,вњ…,Eye
aclnnFFN,вњ–пёЏ,,вњ…,вњ…,вњ…,FFNExt;FfnExt
aclnnFFNV2,вњ…,npu_ffn,вњ–пёЏ,вњ–пёЏ,вњ–пёЏ,
aclnnFFNV3,вњ–пёЏ,,вњ–пёЏ,вњ–пёЏ,вњ–пёЏ,
aclnnFakeQuantPerChannelAffineCachemask,вњ…,fake_quantize_per_channel_affine_cachemask,вњ–пёЏ,вњ–пёЏ,вњ–пёЏ,
aclnnFakeQuantPerTensorAffineCachemask,вњ…,_fake_quantize_per_tensor_affine_cachemask_tensor_qparams,вњ–пёЏ,вњ–пёЏ,вњ–пёЏ,
aclnnFastBatchNormBackward,вњ–пёЏ,,вњ–пёЏ,вњ–пёЏ,вњ–пёЏ,
aclnnFastGelu,вњ…,npu_fast_gelu,вњ–пёЏ,вњ–пёЏ,вњ–пёЏ,
aclnnFastGeluBackward,вњ…,npu_fast_gelu_backward,вњ–пёЏ,вњ–пёЏ,вњ–пёЏ,
aclnnFatreluMul,вњ–пёЏ,,вњ–пёЏ,вњ–пёЏ,вњ–пёЏ,
aclnnFinalize,вњ–пёЏ,,вњ–пёЏ,вњ–пёЏ,вњ–пёЏ,
aclnnFlashAttentionScore,вњ–пёЏ,,вњ…,вњ…,вњ…,FlashAttentionScore
aclnnFlashAttentionScoreGrad,вњ–пёЏ,,вњ…,вњ…,вњ…,FlashAttentionScoreGrad
aclnnFlashAttentionScoreGradV2,вњ–пёЏ,,вњ…,вњ…,вњ–пёЏ,SpeedFusionAttentionGrad
aclnnFlashAttentionScoreGradV3,вњ–пёЏ,,вњ–пёЏ,вњ–пёЏ,вњ–пёЏ,
aclnnFlashAttentionScoreV2,вњ–пёЏ,,вњ…,вњ…,вњ–пёЏ,SpeedFusionAttention
aclnnFlashAttentionScoreV3,вњ–пёЏ,,вњ–пёЏ,вњ–пёЏ,вњ–пёЏ,
aclnnFlashAttentionUnpaddingScoreGrad,вњ–пёЏ,,вњ…,вњ…,вњ–пёЏ,FlashAttentionScoreGrad
aclnnFlashAttentionUnpaddingScoreGradV2,вњ–пёЏ,,вњ…,вњ…,вњ–пёЏ,SpeedFusionAttentionGrad
aclnnFlashAttentionUnpaddingScoreGradV3,вњ–пёЏ,,вњ–пёЏ,вњ–пёЏ,вњ–пёЏ,
aclnnFlashAttentionUnpaddingScoreGradV4,вњ–пёЏ,,вњ–пёЏ,вњ–пёЏ,вњ–пёЏ,
aclnnFlashAttentionUnpaddingScoreGradV5,вњ–пёЏ,,вњ–пёЏ,вњ–пёЏ,вњ–пёЏ,
aclnnFlashAttentionVarLenScore,вњ–пёЏ,,вњ…,вњ…,вњ–пёЏ,FlashAttentionScore
aclnnFlashAttentionVarLenScoreV2,вњ–пёЏ,,вњ…,вњ…,вњ–пёЏ,SpeedFusionAttention
aclnnFlashAttentionVarLenScoreV3,вњ–пёЏ,,вњ–пёЏ,вњ–пёЏ,вњ–пёЏ,
aclnnFlashAttentionVarLenScoreV4,вњ–пёЏ,,вњ–пёЏ,вњ–пёЏ,вњ–пёЏ,
aclnnFlashAttentionVarLenScoreV5,вњ–пёЏ,,вњ–пёЏ,вњ–пёЏ,вњ–пёЏ,
aclnnFlatQuant,вњ…,npu_kronecker_quant,вњ–пёЏ,вњ–пёЏ,вњ–пёЏ,
aclnnFlatten,вњ–пёЏ,,вњ–пёЏ,вњ–пёЏ,вњ–пёЏ,
aclnnFlip,вњ…,flip,вњ…,вњ…,вњ…,ReverseV2
aclnnFloor,вњ…,floor;floor.out,вњ…,вњ…,вњ…,Floor
aclnnFloorDivide,вњ…,floor_divide;floor_divide.Scalar;floor_divide.out,вњ…,вњ…,вњ…,FloorDiv
aclnnFloorDivides,вњ…,floor_divide;floor_divide.Scalar;floor_divide.out,вњ…,вњ…,вњ…,FloorDivScalar
aclnnFmodScalar,вњ…,fmod.Scalar;fmod.Scalar_out;fmod.Tensor;fmod.Tensor_out,вњ…,вњ…,вњ…,FmodScalar
aclnnFmodTensor,вњ…,fmod.Scalar;fmod.Scalar_out;fmod.Tensor;fmod.Tensor_out,вњ…,вњ…,вњ…,FmodTensor
aclnnForeachAbs,вњ…,_foreach_abs;_foreach_abs_,вњ–пёЏ,вњ–пёЏ,вњ–пёЏ,
aclnnForeachAcos,вњ…,_foreach_acos;_foreach_acos_,вњ–пёЏ,вњ–пёЏ,вњ–пёЏ,
aclnnForeachAddList,вњ…,,вњ–пёЏ,вњ–пёЏ,вњ–пёЏ,
aclnnForeachAddListV2,вњ…,_foreach_add.List;_foreach_add.Scalar;_foreach_add.ScalarList;_foreach_add_.List;_foreach_add_.Scalar;_foreach_add_.ScalarList,вњ–пёЏ,вњ–пёЏ,вњ–пёЏ,
aclnnForeachAddScalar,вњ…,,вњ–пёЏ,вњ–пёЏ,вњ–пёЏ,
aclnnForeachAddScalarList,вњ…,_foreach_add.List;_foreach_add.Scalar;_foreach_add.ScalarList;_foreach_add_.List;_foreach_add_.Scalar;_foreach_add_.ScalarList,вњ–пёЏ,вњ–пёЏ,вњ–пёЏ,
aclnnForeachAddScalarV2,вњ…,_foreach_add.List;_foreach_add.Scalar;_foreach_add.ScalarList;_foreach_add_.List;_foreach_add_.Scalar;_foreach_add_.ScalarList,вњ–пёЏ,вњ–пёЏ,вњ–пёЏ,
aclnnForeachAddcdivList,вњ–пёЏ,,вњ–пёЏ,вњ–пёЏ,вњ–пёЏ,
aclnnForeachAddcdivScalar,вњ…,,вњ–пёЏ,вњ–пёЏ,вњ–пёЏ,
aclnnForeachAddcdivScalarList,вњ…,,вњ–пёЏ,вњ–пёЏ,вњ–пёЏ,
aclnnForeachAddcdivScalarV2,вњ…,_foreach_addcdiv.Scalar;_foreach_addcdiv.ScalarList;_foreach_addcdiv.Tensor;_foreach_addcdiv_.Scalar;_foreach_addcdiv_.ScalarList;_foreach_addcdiv_.Tensor,вњ–пёЏ,вњ–пёЏ,вњ–пёЏ,
aclnnForeachAddcmulList,вњ–пёЏ,,вњ–пёЏ,вњ–пёЏ,вњ–пёЏ,
aclnnForeachAddcmulScalar,вњ…,,вњ–пёЏ,вњ–пёЏ,вњ–пёЏ,
aclnnForeachAddcmulScalarList,вњ…,,вњ–пёЏ,вњ–пёЏ,вњ–пёЏ,
aclnnForeachAddcmulScalarV2,вњ…,_foreach_addcmul.Scalar;_foreach_addcmul.ScalarList;_foreach_addcmul.Tensor;_foreach_addcmul_.Scalar;_foreach_addcmul_.ScalarList;_foreach_addcmul_.Tensor,вњ–пёЏ,вњ–пёЏ,вњ–пёЏ,
aclnnForeachAsin,вњ…,_foreach_asin;_foreach_asin_,вњ–пёЏ,вњ–пёЏ,вњ–пёЏ,
aclnnForeachAtan,вњ…,_foreach_atan;_foreach_atan_,вњ–пёЏ,вњ–пёЏ,вњ–пёЏ,
aclnnForeachCopy,вњ…,_foreach_copy_,вњ–пёЏ,вњ–пёЏ,вњ–пёЏ,
aclnnForeachCos,вњ…,_foreach_cos;_foreach_cos_,вњ–пёЏ,вњ–пёЏ,вњ–пёЏ,
aclnnForeachCosh,вњ…,_foreach_cosh;_foreach_cosh_,вњ–пёЏ,вњ–пёЏ,вњ–пёЏ,
aclnnForeachDivList,вњ…,_foreach_div.List;_foreach_div.Scalar;_foreach_div.ScalarList;_foreach_div_.List;_foreach_div_.Scalar;_foreach_div_.ScalarList,вњ–пёЏ,вњ–пёЏ,вњ–пёЏ,
aclnnForeachDivScalar,вњ…,,вњ–пёЏ,вњ–пёЏ,вњ–пёЏ,
aclnnForeachDivScalarList,вњ…,_foreach_div.List;_foreach_div.Scalar;_foreach_div.ScalarList;_foreach_div_.List;_foreach_div_.Scalar;_foreach_div_.ScalarList,вњ–пёЏ,вњ–пёЏ,вњ–пёЏ,
aclnnForeachDivScalarV2,вњ…,_foreach_div.List;_foreach_div.Scalar;_foreach_div.ScalarList;_foreach_div_.List;_foreach_div_.Scalar;_foreach_div_.ScalarList,вњ–пёЏ,вњ–пёЏ,вњ–пёЏ,
aclnnForeachErf,вњ…,_foreach_erf;_foreach_erf_,вњ–пёЏ,вњ–пёЏ,вњ–пёЏ,
aclnnForeachErfc,вњ…,_foreach_erfc;_foreach_erfc_,вњ–пёЏ,вњ–пёЏ,вњ–пёЏ,
aclnnForeachExp,вњ…,_foreach_exp;_foreach_exp_,вњ–пёЏ,вњ–пёЏ,вњ–пёЏ,
aclnnForeachExpm1,вњ…,_foreach_expm1;_foreach_expm1_,вњ–пёЏ,вњ–пёЏ,вњ–пёЏ,
aclnnForeachLerpList,вњ…,_foreach_lerp.List;_foreach_lerp.Scalar;_foreach_lerp_.List;_foreach_lerp_.Scalar,вњ–пёЏ,вњ–пёЏ,вњ–пёЏ,
aclnnForeachLerpScalar,вњ…,_foreach_lerp.List;_foreach_lerp.Scalar;_foreach_lerp_.List;_foreach_lerp_.Scalar,вњ–пёЏ,вњ–пёЏ,вњ–пёЏ,
aclnnForeachLog,вњ…,_foreach_log;_foreach_log_,вњ–пёЏ,вњ–пёЏ,вњ–пёЏ,
aclnnForeachLog10,вњ…,_foreach_log10;_foreach_log10_,вњ–пёЏ,вњ–пёЏ,вњ–пёЏ,
aclnnForeachLog1p,вњ…,_foreach_log1p;_foreach_log1p_,вњ–пёЏ,вњ–пёЏ,вњ–пёЏ,
aclnnForeachLog2,вњ…,_foreach_log2;_foreach_log2_,вњ–пёЏ,вњ–пёЏ,вњ–пёЏ,
aclnnForeachMaximumList,вњ…,_foreach_maximum.List;_foreach_maximum.Scalar;_foreach_maximum.ScalarList;_foreach_maximum_.List;_foreach_maximum_.Scalar;_foreach_maximum_.ScalarList,вњ–пёЏ,вњ–пёЏ,вњ–пёЏ,
aclnnForeachMaximumScalar,вњ…,,вњ–пёЏ,вњ–пёЏ,вњ–пёЏ,
aclnnForeachMaximumScalarList,вњ…,_foreach_maximum.List;_foreach_maximum.Scalar;_foreach_maximum.ScalarList;_foreach_maximum_.List;_foreach_maximum_.Scalar;_foreach_maximum_.ScalarList,вњ–пёЏ,вњ–пёЏ,вњ–пёЏ,
aclnnForeachMaximumScalarV2,вњ…,_foreach_maximum.List;_foreach_maximum.Scalar;_foreach_maximum.ScalarList;_foreach_maximum_.List;_foreach_maximum_.Scalar;_foreach_maximum_.ScalarList,вњ–пёЏ,вњ–пёЏ,вњ–пёЏ,
aclnnForeachMinimumList,вњ…,_foreach_minimum.List;_foreach_minimum.Scalar;_foreach_minimum.ScalarList;_foreach_minimum_.List;_foreach_minimum_.Scalar;_foreach_minimum_.ScalarList,вњ–пёЏ,вњ–пёЏ,вњ–пёЏ,
aclnnForeachMinimumScalar,вњ…,,вњ–пёЏ,вњ–пёЏ,вњ–пёЏ,
aclnnForeachMinimumScalarList,вњ…,_foreach_minimum.List;_foreach_minimum.Scalar;_foreach_minimum.ScalarList;_foreach_minimum_.List;_foreach_minimum_.Scalar;_foreach_minimum_.ScalarList,вњ–пёЏ,вњ–пёЏ,вњ–пёЏ,
aclnnForeachMinimumScalarV2,вњ…,_foreach_minimum.List;_foreach_minimum.Scalar;_foreach_minimum.ScalarList;_foreach_minimum_.List;_foreach_minimum_.Scalar;_foreach_minimum_.ScalarList,вњ–пёЏ,вњ–пёЏ,вњ–пёЏ,
aclnnForeachMulList,вњ…,_foreach_mul.List;_foreach_mul.Scalar;_foreach_mul.ScalarList;_foreach_mul_.List;_foreach_mul_.Scalar;_foreach_mul_.ScalarList,вњ–пёЏ,вњ–пёЏ,вњ–пёЏ,
aclnnForeachMulScalar,вњ…,,вњ–пёЏ,вњ–пёЏ,вњ–пёЏ,
aclnnForeachMulScalarList,вњ…,_foreach_mul.List;_foreach_mul.Scalar;_foreach_mul.ScalarList;_foreach_mul_.List;_foreach_mul_.Scalar;_foreach_mul_.ScalarList,вњ–пёЏ,вњ–пёЏ,вњ–пёЏ,
aclnnForeachMulScalarV2,вњ…,_foreach_mul.List;_foreach_mul.Scalar;_foreach_mul.ScalarList;_foreach_mul_.List;_foreach_mul_.Scalar;_foreach_mul_.ScalarList,вњ–пёЏ,вњ–пёЏ,вњ–пёЏ,
aclnnForeachNeg,вњ…,_foreach_neg;_foreach_neg_,вњ–пёЏ,вњ–пёЏ,вњ–пёЏ,
aclnnForeachNonFiniteCheckAndUnscale,вњ…,,вњ–пёЏ,вњ–пёЏ,вњ–пёЏ,
aclnnForeachNorm,вњ…,_foreach_norm.Scalar,вњ–пёЏ,вњ–пёЏ,вњ–пёЏ,
aclnnForeachPowList,вњ…,_foreach_pow.List;_foreach_pow.Scalar;_foreach_pow.ScalarAndTensor;_foreach_pow.ScalarList;_foreach_pow_.List;_foreach_pow_.Scalar;_foreach_pow_.ScalarList,вњ–пёЏ,вњ–пёЏ,вњ–пёЏ,
aclnnForeachPowScalar,вњ…,,вњ–пёЏ,вњ–пёЏ,вњ–пёЏ,
aclnnForeachPowScalarAndTensor,вњ…,_foreach_pow.List;_foreach_pow.Scalar;_foreach_pow.ScalarAndTensor;_foreach_pow.ScalarList,вњ–пёЏ,вњ–пёЏ,вњ–пёЏ,
aclnnForeachPowScalarList,вњ…,_foreach_pow.List;_foreach_pow.Scalar;_foreach_pow.ScalarAndTensor;_foreach_pow.ScalarList;_foreach_pow_.List;_foreach_pow_.Scalar;_foreach_pow_.ScalarList,вњ–пёЏ,вњ–пёЏ,вњ–пёЏ,
aclnnForeachPowScalarV2,вњ…,_foreach_pow.List;_foreach_pow.Scalar;_foreach_pow.ScalarAndTensor;_foreach_pow.ScalarList;_foreach_pow_.List;_foreach_pow_.Scalar;_foreach_pow_.ScalarList,вњ–пёЏ,вњ–пёЏ,вњ–пёЏ,
aclnnForeachReciprocal,вњ…,_foreach_reciprocal;_foreach_reciprocal_,вњ–пёЏ,вњ–пёЏ,вњ–пёЏ,
aclnnForeachRoundOffNumber,вњ…,,вњ–пёЏ,вњ–пёЏ,вњ–пёЏ,
aclnnForeachRoundOffNumberV2,вњ…,_foreach_ceil;_foreach_ceil_;_foreach_floor;_foreach_floor_;_foreach_frac;_foreach_frac_;_foreach_round;_foreach_round_;_foreach_trunc;_foreach_trunc_,вњ–пёЏ,вњ–пёЏ,вњ–пёЏ,
aclnnForeachSigmoid,вњ…,_foreach_sigmoid;_foreach_sigmoid_,вњ–пёЏ,вњ–пёЏ,вњ–пёЏ,
aclnnForeachSign,вњ…,_foreach_sign;_foreach_sign_,вњ–пёЏ,вњ–пёЏ,вњ–пёЏ,
aclnnForeachSin,вњ…,_foreach_sin;_foreach_sin_,вњ–пёЏ,вњ–пёЏ,вњ–пёЏ,
aclnnForeachSinh,вњ…,_foreach_sinh;_foreach_sinh_,вњ–пёЏ,вњ–пёЏ,вњ–пёЏ,
aclnnForeachSqrt,вњ…,_foreach_sqrt;_foreach_sqrt_,вњ–пёЏ,вњ–пёЏ,вњ–пёЏ,
aclnnForeachSubList,вњ…,,вњ–пёЏ,вњ–пёЏ,вњ–пёЏ,
aclnnForeachSubListV2,вњ…,_foreach_sub.List;_foreach_sub.Scalar;_foreach_sub.ScalarList;_foreach_sub_.List;_foreach_sub_.Scalar;_foreach_sub_.ScalarList,вњ–пёЏ,вњ–пёЏ,вњ–пёЏ,
aclnnForeachSubScalar,вњ…,,вњ–пёЏ,вњ–пёЏ,вњ–пёЏ,
aclnnForeachSubScalarList,вњ…,_foreach_sub.List;_foreach_sub.Scalar;_foreach_sub.ScalarList;_foreach_sub_.List;_foreach_sub_.Scalar;_foreach_sub_.ScalarList,вњ–пёЏ,вњ–пёЏ,вњ–пёЏ,
aclnnForeachSubScalarV2,вњ…,_foreach_sub.List;_foreach_sub.Scalar;_foreach_sub.ScalarList;_foreach_sub_.List;_foreach_sub_.Scalar;_foreach_sub_.ScalarList,вњ–пёЏ,вњ–пёЏ,вњ–пёЏ,
aclnnForeachTan,вњ…,_foreach_tan;_foreach_tan_,вњ–пёЏ,вњ–пёЏ,вњ–пёЏ,
aclnnForeachTanh,вњ…,_foreach_tanh;_foreach_tanh_,вњ–пёЏ,вњ–пёЏ,вњ–пёЏ,
aclnnForeachZeroInplace,вњ…,_foreach_zero_,вњ–пёЏ,вњ–пёЏ,вњ–пёЏ,
aclnnFrac,вњ…,frac;frac.out,вњ…,вњ…,вњ…,Frac
aclnnFusedCrossEntropyLossWithMaxSum,вњ…,fused_cross_entropy_loss_with_max_sum,вњ–пёЏ,вњ–пёЏ,вњ–пёЏ,
aclnnFusedInferAttentionScore,вњ–пёЏ,,вњ–пёЏ,вњ–пёЏ,вњ–пёЏ,
aclnnFusedInferAttentionScoreV2,вњ–пёЏ,,вњ…,вњ…,вњ…,FusedInferAttentionScore
aclnnFusedInferAttentionScoreV3,вњ–пёЏ,,вњ–пёЏ,вњ–пёЏ,вњ–пёЏ,
aclnnFusedInferAttentionScoreV4,вњ–пёЏ,,вњ–пёЏ,вњ–пёЏ,вњ–пёЏ,
aclnnFusedLinearCrossEntropyLossGrad,вњ…,fused_linear_cross_entropy_loss_with_max_sum_grad,вњ–пёЏ,вњ–пёЏ,вњ–пёЏ,
aclnnFusedLinearOnlineMaxSum,вњ…,fused_linear_online_max_sum,вњ–пёЏ,вњ–пёЏ,вњ–пёЏ,
aclnnGather,вњ…,gather;gather.dimname;gather.dimname_out;gather.out;npu_top_k_top_p_sample,вњ…,вњ…,вњ…,GatherD
aclnnGatherNd,вњ–пёЏ,,вњ…,вњ…,вњ…,GatherNdExt
aclnnGatherPaKvCache,вњ–пёЏ,,вњ–пёЏ,вњ–пёЏ,вњ–пёЏ,
aclnnGatherV2,вњ–пёЏ,,вњ–пёЏ,вњ–пёЏ,вњ–пёЏ,
aclnnGatherV3,вњ…,npu_gather_sparse_index,вњ–пёЏ,вњ–пёЏ,вњ–пёЏ,
aclnnGcd,вњ…,gcd.out,вњ…,вњ…,вњ…,Gcd
aclnnGeGlu,вњ–пёЏ,,вњ–пёЏ,вњ–пёЏ,вњ–пёЏ,
aclnnGeGluBackward,вњ–пёЏ,,вњ–пёЏ,вњ–пёЏ,вњ–пёЏ,
aclnnGeGluV3,вњ…,npu_geglu,вњ–пёЏ,вњ–пёЏ,вњ–пёЏ,
aclnnGeGluV3Backward,вњ…,npu_geglu_grad,вњ–пёЏ,вњ–пёЏ,вњ–пёЏ,
aclnnGeScalar,вњ…,ge.Scalar;ge.Scalar_out;ge.Tensor;ge.Tensor_out,вњ…,вњ…,вњ…,GreaterEqualScalar
aclnnGeTensor,вњ…,ge.Scalar;ge.Scalar_out;ge.Tensor;ge.Tensor_out,вњ…,вњ…,вњ…,GreaterEqual
aclnnGelu,вњ…,gelu.out,вњ…,вњ…,вњ…,GeLU
aclnnGeluBackward,вњ…,gelu_backward,вњ…,вњ…,вњ…,GeLUGrad;GeluGrad
aclnnGeluBackwardV2,вњ…,gelu_backward;npu_gelu_backward,вњ…,вњ…,вњ…,GeluGradExt
aclnnGeluMul,вњ…,npu_gelu_mul,вњ–пёЏ,вњ–пёЏ,вњ–пёЏ,
aclnnGeluV2,вњ…,gelu.out;npu_gelu,вњ…,вњ…,вњ…,GeluExt
aclnnGemm,вњ–пёЏ,,вњ–пёЏ,вњ–пёЏ,вњ–пёЏ,
aclnnGemmaRmsNorm,вњ…,npu_gemma_rms_norm,вњ–пёЏ,вњ–пёЏ,вњ–пёЏ,
aclnnGer,вњ–пёЏ,,вњ–пёЏ,вњ–пёЏ,вњ–пёЏ,
aclnnGlobalAveragePool,вњ–пёЏ,,вњ–пёЏ,вњ–пёЏ,вњ–пёЏ,
aclnnGlobalMaxPool,вњ–пёЏ,,вњ–пёЏ,вњ–пёЏ,вњ–пёЏ,
aclnnGlu,вњ…,glu;glu.out,вњ…,вњ…,вњ…,GLU
aclnnGluBackward,вњ…,glu_backward;glu_backward.grad_input,вњ…,вњ…,вњ…,GluGrad
aclnnGridSampler2D,вњ…,grid_sampler_2d,вњ…,вњ…,вњ…,GridSampler2D
aclnnGridSampler2DBackward,вњ…,grid_sampler_2d_backward,вњ…,вњ…,вњ…,GridSampler2DGrad;GridSampler2dGrad
aclnnGridSampler3D,вњ…,grid_sampler_3d,вњ…,вњ…,вњ…,GridSampler3D
aclnnGridSampler3DBackward,вњ…,grid_sampler_3d_backward,вњ…,вњ…,вњ…,GridSampler3DGrad;GridSampler3dGrad
aclnnGroupNorm,вњ…,native_group_norm,вњ…,вњ…,вњ…,GroupNorm
aclnnGroupNormBackward,вњ…,native_group_norm_backward,вњ…,вњ…,вњ…,GroupNormGrad
aclnnGroupNormSilu,вњ…,npu_group_norm_silu,вњ–пёЏ,вњ–пёЏ,вњ–пёЏ,
aclnnGroupNormSiluV2,вњ–пёЏ,,вњ–пёЏ,вњ–пёЏ,вњ–пёЏ,
aclnnGroupNormSwish,вњ…,npu_group_norm_swish,вњ–пёЏ,вњ–пёЏ,вњ–пёЏ,
aclnnGroupNormSwishGrad,вњ…,npu_group_norm_swish_grad,вњ–пёЏ,вњ–пёЏ,вњ–пёЏ,
aclnnGroupQuant,вњ…,npu_group_quant,вњ–пёЏ,вњ–пёЏ,вњ–пёЏ,
aclnnGroupedBiasAddGrad,вњ–пёЏ,,вњ–пёЏ,вњ–пёЏ,вњ–пёЏ,
aclnnGroupedBiasAddGradV2,вњ–пёЏ,,вњ–пёЏ,вњ–пёЏ,вњ–пёЏ,
aclnnGroupedMatMulAllReduce,вњ–пёЏ,,вњ–пёЏ,вњ–пёЏ,вњ–пёЏ,
aclnnGroupedMatMulAlltoAllv,вњ…,,вњ–пёЏ,вњ–пёЏ,вњ–пёЏ,
aclnnGroupedMatmul,вњ…,npu_grouped_matmul;npu_grouped_matmul.List,вњ–пёЏ,вњ–пёЏ,вњ–пёЏ,
aclnnGroupedMatmulAdd,вњ…,npu_grouped_matmul_add,вњ–пёЏ,вњ–пёЏ,вњ–пёЏ,
aclnnGroupedMatmulFinalizeRouting,вњ–пёЏ,,вњ–пёЏ,вњ–пёЏ,вњ–пёЏ,
aclnnGroupedMatmulFinalizeRoutingV2,вњ…,npu_grouped_matmul_finalize_routing,вњ–пёЏ,вњ–пёЏ,вњ–пёЏ,
aclnnGroupedMatmulFinalizeRoutingV3,вњ…,npu_grouped_matmul_finalize_routing,вњ–пёЏ,вњ–пёЏ,вњ–пёЏ,
aclnnGroupedMatmulFinalizeRoutingWeightNz,вњ…,npu_grouped_matmul_finalize_routing,вњ–пёЏ,вњ–пёЏ,вњ–пёЏ,
aclnnGroupedMatmulFinalizeRoutingWeightNzV2,вњ…,npu_grouped_matmul_finalize_routing,вњ–пёЏ,вњ–пёЏ,вњ–пёЏ,
aclnnGroupedMatmulSwigluQuant,вњ–пёЏ,,вњ–пёЏ,вњ–пёЏ,вњ–пёЏ,
aclnnGroupedMatmulSwigluQuantV2,вњ–пёЏ,,вњ–пёЏ,вњ–пёЏ,вњ–пёЏ,
aclnnGroupedMatmulSwigluQuantWeightNZ,вњ–пёЏ,,вњ–пёЏ,вњ–пёЏ,вњ–пёЏ,
aclnnGroupedMatmulV2,вњ–пёЏ,,вњ…,вњ…,вњ…,GroupedMatmulV2
aclnnGroupedMatmulV3,вњ–пёЏ,,вњ…,вњ…,вњ…,GroupedMatmul
aclnnGroupedMatmulV4,вњ…,npu_grouped_matmul;npu_grouped_matmul.List,вњ…,вњ…,вњ…,GroupedMatmulV4
aclnnGroupedMatmulV5,вњ…,npu_grouped_matmul;npu_grouped_matmul.List,вњ–пёЏ,вњ–пёЏ,вњ–пёЏ,
aclnnGroupedMatmulWeightNz,вњ…,npu_grouped_matmul;npu_grouped_matmul.List,вњ–пёЏ,вњ–пёЏ,вњ–пёЏ,
aclnnGtScalar,вњ…,gt.Scalar;gt.Scalar_out;gt.Tensor;gt.Tensor_out,вњ–пёЏ,вњ–пёЏ,вњ–пёЏ,
aclnnGtTensor,вњ…,gt.Scalar;gt.Scalar_out;gt.Tensor;gt.Tensor_out,вњ…,вњ…,вњ…,Greater
aclnnHardshrink,вњ…,hardshrink;hardshrink.out,вњ…,вњ…,вњ…,HShrink;Hshrink
aclnnHardshrinkBackward,вњ…,hardshrink_backward;hardshrink_backward.grad_input,вњ…,вњ…,вњ…,HShrinkGrad;HshrinkGrad
aclnnHardsigmoid,вњ…,hardsigmoid;hardsigmoid.out,вњ…,вњ…,вњ…,HSigmoid
aclnnHardsigmoidBackward,вњ…,hardsigmoid_backward,вњ…,вњ…,вњ…,HSigmoidGrad
aclnnHardswish,вњ…,hardswish;hardswish.out,вњ…,вњ…,вњ…,HSwish
aclnnHardswishBackward,вњ…,hardswish_backward,вњ…,вњ…,вњ…,HSwishGrad
aclnnHardswishBackwardV2,вњ–пёЏ,,вњ–пёЏ,вњ–пёЏ,вњ–пёЏ,
aclnnHardtanh,вњ…,hardtanh;hardtanh.out,вњ…,вњ…,вњ…,Hardtanh
aclnnHardtanhBackward,вњ…,hardtanh_backward;hardtanh_backward.grad_input,вњ…,вњ…,вњ…,HardtanhGrad
aclnnHeaviside,вњ–пёЏ,,вњ–пёЏ,вњ–пёЏ,вњ–пёЏ,
aclnnHistc,вњ…,histc;histc.out,вњ…,вњ…,вњ…,HistcExt
aclnnIm2col,вњ…,im2col;im2col.out,вњ…,вњ…,вњ…,Col2ImGrad;Im2ColExt
aclnnIm2colBackward,вњ…,col2im;col2im.out,вњ…,вњ…,вњ…,Col2ImExt
aclnnIncreFlashAttention,вњ–пёЏ,,вњ–пёЏ,вњ–пёЏ,вњ–пёЏ,
aclnnIncreFlashAttentionV2,вњ–пёЏ,,вњ–пёЏ,вњ–пёЏ,вњ–пёЏ,
aclnnIncreFlashAttentionV3,вњ–пёЏ,,вњ–пёЏ,вњ–пёЏ,вњ–пёЏ,
aclnnIncreFlashAttentionV4,вњ–пёЏ,,вњ…,вњ…,вњ…,IncreFlashAttention
aclnnIndex,вњ…,index.Tensor,вњ…,вњ…,вњ…,InnerIndex
aclnnIndexAdd,вњ…,index_add;index_add.dimname;index_add.out,вњ…,вњ…,вњ…,IndexAddExt;InplaceIndexAdd;InplaceIndexAddExt
aclnnIndexCopy,вњ…,index_copy;index_copy.out,вњ–пёЏ,вњ–пёЏ,вњ–пёЏ,
aclnnIndexFill,вњ…,index_fill.int_Scalar;index_fill.int_Tensor,вњ–пёЏ,вњ–пёЏ,вњ–пёЏ,
aclnnIndexFillTensor,вњ…,index_fill.int_Scalar;index_fill.int_Tensor,вњ…,вњ…,вњ…,IndexFillScalar;IndexFillTensor
aclnnIndexPutImpl,вњ…,_index_put_impl_;index_put;index_put_,вњ…,вњ…,вњ…,InnerInplaceIndexPut
aclnnIndexSelect,вњ…,index_select;index_select.dimname;index_select.dimname_out;index_select.out,вњ…,вњ…,вњ…,IndexSelect
aclnnInit,вњ–пёЏ,,вњ–пёЏ,вњ–пёЏ,вњ–пёЏ,
aclnnInplaceAcos,вњ…,acos_,вњ–пёЏ,вњ–пёЏ,вњ–пёЏ,
aclnnInplaceAcosh,вњ…,acosh_,вњ–пёЏ,вњ–пёЏ,вњ–пёЏ,
aclnnInplaceAdd,вњ…,add_.Scalar;add_.Tensor,вњ…,вњ…,вњ…,InplaceAddExt
aclnnInplaceAddRelu,вњ…,_add_relu_.Tensor,вњ–пёЏ,вњ–пёЏ,вњ–пёЏ,
aclnnInplaceAddRmsNorm,вњ…,npu_add_rms_norm_v2;npu_add_rms_norm_v2_functional,вњ–пёЏ,вњ–пёЏ,вњ–пёЏ,
aclnnInplaceAddbmm,вњ–пёЏ,,вњ–пёЏ,вњ–пёЏ,вњ–пёЏ,
aclnnInplaceAddcdiv,вњ…,addcdiv_,вњ–пёЏ,вњ–пёЏ,вњ–пёЏ,
aclnnInplaceAddcmul,вњ…,addcmul_,вњ–пёЏ,вњ–пёЏ,вњ–пёЏ,
aclnnInplaceAddmm,вњ…,addmm_,вњ…,вњ…,вњ…,InplaceAddmm
aclnnInplaceAddr,вњ…,addr_,вњ–пёЏ,вњ–пёЏ,вњ–пёЏ,
aclnnInplaceAdds,вњ…,add_.Scalar;add_.Tensor,вњ…,вњ…,вњ…,InplaceAddsExt
aclnnInplaceAsin,вњ…,asin_,вњ–пёЏ,вњ–пёЏ,вњ–пёЏ,
aclnnInplaceAsinh,вњ…,asinh_,вњ–пёЏ,вњ–пёЏ,вњ–пёЏ,
aclnnInplaceAtan,вњ…,atan_,вњ–пёЏ,вњ–пёЏ,вњ–пёЏ,
aclnnInplaceAtan2,вњ…,atan2_,вњ–пёЏ,вњ–пёЏ,вњ–пёЏ,
aclnnInplaceAtanh,вњ…,atanh_,вњ–пёЏ,вњ–пёЏ,вњ–пёЏ,
aclnnInplaceAttentionWorkerScheduler,вњ…,attention_worker_scheduler;attention_worker_scheduler_,вњ–пёЏ,вњ–пёЏ,вњ–пёЏ,
aclnnInplaceBaddbmm,вњ–пёЏ,,вњ–пёЏ,вњ–пёЏ,вњ–пёЏ,
aclnnInplaceBernoulli,вњ…,bernoulli;bernoulli.out;bernoulli.p;bernoulli_.Tensor;bernoulli_.float,вњ…,вњ…,вњ…,InplaceBernoulliScalar
aclnnInplaceBernoulliTensor,вњ…,bernoulli;bernoulli.out;bernoulli.p;bernoulli_.Tensor;bernoulli_.float,вњ…,вњ…,вњ…,BernoulliExt;InplaceBernoulliTensor
aclnnInplaceBitwiseAndScalar,вњ…,bitwise_and_.Scalar;bitwise_and_.Tensor,вњ–пёЏ,вњ–пёЏ,вњ–пёЏ,
aclnnInplaceBitwiseAndTensor,вњ…,bitwise_and_.Scalar;bitwise_and_.Tensor,вњ–пёЏ,вњ–пёЏ,вњ–пёЏ,
aclnnInplaceBitwiseOrScalar,вњ–пёЏ,,вњ–пёЏ,вњ–пёЏ,вњ–пёЏ,
aclnnInplaceBitwiseOrTensor,вњ–пёЏ,,вњ–пёЏ,вњ–пёЏ,вњ–пёЏ,
aclnnInplaceBitwiseXorScalar,вњ…,bitwise_xor_.Scalar;bitwise_xor_.Tensor,вњ–пёЏ,вњ–пёЏ,вњ–пёЏ,
aclnnInplaceBitwiseXorTensor,вњ…,bitwise_xor_.Scalar;bitwise_xor_.Tensor,вњ–пёЏ,вњ–пёЏ,вњ–пёЏ,
aclnnInplaceCeil,вњ…,ceil_,вњ–пёЏ,вњ–пёЏ,вњ–пёЏ,
aclnnInplaceCelu,вњ…,celu_,вњ–пёЏ,вњ–пёЏ,вњ–пёЏ,
aclnnInplaceClampMax,вњ…,clamp_max_,вњ–пёЏ,вњ–пёЏ,вњ–пёЏ,
aclnnInplaceClampMaxTensor,вњ…,clamp_max_.Tensor,вњ–пёЏ,вњ–пёЏ,вњ–пёЏ,
aclnnInplaceClampMinTensor,вњ…,clamp_min_.Tensor,вњ–пёЏ,вњ–пёЏ,вњ–пёЏ,
aclnnInplaceCopy,вњ–пёЏ,,вњ…,вњ…,вњ…,Clone;Contiguous;Copy;IndexAddExt;InplaceCopy;MaskedFill;MaskedFillScalar;MaskedScatter;SilentCheckV2;SilentCheckV3;TensorScatterAdd;TypeAs
aclnnInplaceCos,вњ…,cos_,вњ–пёЏ,вњ–пёЏ,вњ–пёЏ,
aclnnInplaceCosh,вњ…,cosh_,вњ–пёЏ,вњ–пёЏ,вњ–пёЏ,
aclnnInplaceCumprod,вњ–пёЏ,,вњ–пёЏ,вњ–пёЏ,вњ–пёЏ,
aclnnInplaceDiv,вњ…,div_.Scalar;div_.Scalar_mode;div_.Tensor;div_.Tensor_mode,вњ…,вњ…,вњ…,InplaceDiv
aclnnInplaceDivMod,вњ…,div_.Scalar;div_.Scalar_mode;div_.Tensor;div_.Tensor_mode,вњ…,вњ…,вњ…,InplaceDivmod
aclnnInplaceDivMods,вњ…,div_.Scalar;div_.Scalar_mode;div_.Tensor;div_.Tensor_mode,вњ…,вњ…,вњ…,InplaceDivmods
aclnnInplaceDivs,вњ…,div_.Scalar;div_.Scalar_mode;div_.Tensor;div_.Tensor_mode,вњ…,вњ…,вњ…,InplaceDivs
aclnnInplaceElu,вњ…,elu_,вњ…,вњ…,вњ…,InplaceElu
aclnnInplaceEqScalar,вњ…,eq_.Scalar;eq_.Tensor,вњ–пёЏ,вњ–пёЏ,вњ–пёЏ,
aclnnInplaceEqTensor,вњ…,eq_.Scalar;eq_.Tensor,вњ–пёЏ,вњ–пёЏ,вњ–пёЏ,
aclnnInplaceErf,вњ…,erf_,вњ–пёЏ,вњ–пёЏ,вњ–пёЏ,
aclnnInplaceErfc,вњ…,erfc_,вњ–пёЏ,вњ–пёЏ,вњ–пёЏ,
aclnnInplaceErfinv,вњ…,erfinv_,вњ…,вњ…,вњ…,InplaceErfinv
aclnnInplaceExp,вњ…,exp_,вњ…,вњ…,вњ…,InplaceExp
aclnnInplaceExp2,вњ…,exp2_,вњ–пёЏ,вњ–пёЏ,вњ–пёЏ,
aclnnInplaceExpm1,вњ…,expm1_,вњ–пёЏ,вњ–пёЏ,вњ–пёЏ,
aclnnInplaceFfnWorkerScheduler,вњ…,ffn_worker_scheduler;ffn_worker_scheduler_,вњ–пёЏ,вњ–пёЏ,вњ–пёЏ,
aclnnInplaceFillDiagonal,вњ…,fill_diagonal_,вњ…,вњ…,вњ…,InplaceFillDiagonal
aclnnInplaceFillScalar,вњ…,fill_.Scalar;fill_.Tensor,вњ…,вњ…,вњ…,FillScalar;FillTensor;FullLike;InplaceFillScalar;InplaceFillTensor;NewFull;NewOnes
aclnnInplaceFillTensor,вњ…,fill_.Scalar;fill_.Tensor,вњ…,вњ…,вњ…,FillTensor;InplaceFillTensor
aclnnInplaceFloor,вњ…,floor_,вњ…,вњ…,вњ…,InplaceFloor
aclnnInplaceFloorDivide,вњ…,floor_divide_.Scalar;floor_divide_.Tensor,вњ…,вњ…,вњ…,InplaceFloorDivide
aclnnInplaceFloorDivides,вњ…,floor_divide_.Scalar;floor_divide_.Tensor,вњ…,вњ…,вњ…,InplaceFloorDivides
aclnnInplaceFmodScalar,вњ…,fmod_.Scalar;fmod_.Tensor,вњ–пёЏ,вњ–пёЏ,вњ–пёЏ,
aclnnInplaceFmodTensor,вњ…,fmod_.Scalar;fmod_.Tensor,вњ–пёЏ,вњ–пёЏ,вњ–пёЏ,
aclnnInplaceFrac,вњ…,frac_,вњ–пёЏ,вњ–пёЏ,вњ–пёЏ,
aclnnInplaceGeScalar,вњ…,ge_.Scalar;ge_.Tensor,вњ–пёЏ,вњ–пёЏ,вњ–пёЏ,
aclnnInplaceGeTensor,вњ…,ge_.Scalar;ge_.Tensor,вњ–пёЏ,вњ–пёЏ,вњ–пёЏ,
aclnnInplaceGtScalar,вњ…,gt_.Scalar;gt_.Tensor,вњ–пёЏ,вњ–пёЏ,вњ–пёЏ,
aclnnInplaceGtTensor,вњ…,gt_.Scalar;gt_.Tensor,вњ–пёЏ,вњ–пёЏ,вњ–пёЏ,
aclnnInplaceHardsigmoid,вњ…,hardsigmoid_,вњ–пёЏ,вњ–пёЏ,вњ–пёЏ,
aclnnInplaceHardswish,вњ…,hardswish_,вњ–пёЏ,вњ–пёЏ,вњ–пёЏ,
aclnnInplaceHardtanh,вњ…,hardtanh_,вњ…,вњ…,вњ…,InplaceHardtanh
aclnnInplaceIndexCopy,вњ…,index_copy_,вњ…,вњ…,вњ…,InplaceIndexCopy
aclnnInplaceIndexFill,вњ…,index_fill_.int_Scalar;index_fill_.int_Tensor,вњ–пёЏ,вњ–пёЏ,вњ–пёЏ,
aclnnInplaceIndexFillTensor,вњ…,index_fill_.int_Scalar;index_fill_.int_Tensor,вњ…,вњ…,вњ…,InplaceIndexFillScalar;InplaceIndexFillTensor
aclnnInplaceLeScalar,вњ…,le_.Scalar;le_.Tensor,вњ–пёЏ,вњ–пёЏ,вњ–пёЏ,
aclnnInplaceLeTensor,вњ…,le_.Scalar;le_.Tensor,вњ–пёЏ,вњ–пёЏ,вњ–пёЏ,
aclnnInplaceLeakyRelu,вњ…,leaky_relu_,вњ–пёЏ,вњ–пёЏ,вњ–пёЏ,
aclnnInplaceLerp,вњ…,lerp_.Tensor,вњ–пёЏ,вњ–пёЏ,вњ–пёЏ,
aclnnInplaceLerps,вњ…,lerp_.Scalar,вњ–пёЏ,вњ–пёЏ,вњ–пёЏ,
aclnnInplaceLog,вњ…,log_,вњ…,вњ…,вњ…,InplaceLog
aclnnInplaceLog10,вњ…,log10_,вњ–пёЏ,вњ–пёЏ,вњ–пёЏ,
aclnnInplaceLog1p,вњ…,log1p_,вњ–пёЏ,вњ–пёЏ,вњ–пёЏ,
aclnnInplaceLog2,вњ…,log2_,вњ–пёЏ,вњ–пёЏ,вњ–пёЏ,
aclnnInplaceLogicalAnd,вњ…,logical_and_,вњ–пёЏ,вњ–пёЏ,вњ–пёЏ,
aclnnInplaceLogicalNot,вњ…,logical_not_,вњ–пёЏ,вњ–пёЏ,вњ–пёЏ,
aclnnInplaceLogicalOr,вњ…,logical_or_,вњ–пёЏ,вњ–пёЏ,вњ–пёЏ,
aclnnInplaceLtScalar,вњ…,lt_.Scalar;lt_.Tensor,вњ–пёЏ,вњ–пёЏ,вњ–пёЏ,
aclnnInplaceLtTensor,вњ…,lt_.Scalar;lt_.Tensor,вњ–пёЏ,вњ–пёЏ,вњ–пёЏ,
aclnnInplaceMaskedFillScalar,вњ…,masked_fill_.Scalar;masked_fill_.Tensor,вњ…,вњ…,вњ…,InplaceMaskedFillScalar;MaskedFillScalar
aclnnInplaceMaskedFillTensor,вњ…,,вњ…,вњ…,вњ…,InplaceMaskedFillTensor;MaskedFill
aclnnInplaceMaskedScatter,вњ…,,вњ…,вњ…,вњ…,InplaceMaskedScatter;MaskedScatter;MaskedSelectGrad
aclnnInplaceMatmulAllReduceAddRmsNorm,вњ–пёЏ,,вњ–пёЏ,вњ–пёЏ,вњ–пёЏ,
aclnnInplaceMish,вњ…,mish_,вњ–пёЏ,вњ–пёЏ,вњ–пёЏ,
aclnnInplaceMul,вњ…,mul_.Scalar;mul_.Tensor,вњ…,вњ…,вњ…,InplaceMul
aclnnInplaceMuls,вњ…,mul_.Scalar;mul_.Tensor,вњ…,вњ…,вњ…,InplaceMuls
aclnnInplaceNanToNum,вњ…,nan_to_num_,вњ–пёЏ,вњ–пёЏ,вњ–пёЏ,
aclnnInplaceNeScalar,вњ…,ne_.Scalar;ne_.Tensor,вњ–пёЏ,вњ–пёЏ,вњ–пёЏ,
aclnnInplaceNeTensor,вњ…,ne_.Scalar;ne_.Tensor,вњ–пёЏ,вњ–пёЏ,вњ–пёЏ,
aclnnInplaceNeg,вњ–пёЏ,,вњ–пёЏ,вњ–пёЏ,вњ–пёЏ,
aclnnInplaceNormal,вњ…,normal_,вњ…,вњ…,вњ…,InplaceNormal;Randn;RandnLike
aclnnInplaceNormalTensor,вњ…,normal_,вњ–пёЏ,вњ–пёЏ,вњ–пёЏ,
aclnnInplaceOne,вњ…,one_;ones;ones.names;ones.out;ones_like,вњ…,вњ…,вњ…,Ones;OnesLikeExt
aclnnInplacePowTensorScalar,вњ…,pow_.Scalar,вњ–пёЏ,вњ–пёЏ,вњ–пёЏ,
aclnnInplacePowTensorTensor,вњ…,pow_.Tensor,вњ–пёЏ,вњ–пёЏ,вњ–пёЏ,
aclnnInplacePut,вњ…,,вњ…,вњ…,вњ…,InplacePut
aclnnInplaceQuantMatmulAllReduceAddRmsNorm,вњ–пёЏ,,вњ–пёЏ,вњ–пёЏ,вњ–пёЏ,
aclnnInplaceQuantScatter,вњ…,npu_quant_scatter;npu_quant_scatter_,вњ–пёЏ,вњ–пёЏ,вњ–пёЏ,
aclnnInplaceRReluWithNoise,вњ…,rrelu_with_noise_,вњ–пёЏ,вњ–пёЏ,вњ–пёЏ,
aclnnInplaceRandom,вњ…,random_;random_.from;random_.to,вњ…,вњ…,вњ…,InplaceRandom;RandInt;Randint;RandintLike
aclnnInplaceRandomTensor,вњ…,,вњ–пёЏ,вњ–пёЏ,вњ–пёЏ,
aclnnInplaceReciprocal,вњ…,reciprocal_,вњ–пёЏ,вњ–пёЏ,вњ–пёЏ,
aclnnInplaceRelu,вњ…,relu_,вњ…,вњ…,вњ…,InplaceReLU;InplaceRelu
aclnnInplaceRemainderTensorScalar,вњ…,remainder_.Scalar;remainder_.Tensor,вњ…,вњ…,вњ…,InplaceRemainderTensorScalar
aclnnInplaceRemainderTensorTensor,вњ…,remainder_.Scalar;remainder_.Tensor,вњ…,вњ…,вњ…,InplaceRemainderTensorTensor
aclnnInplaceRenorm,вњ…,renorm_,вњ–пёЏ,вњ–пёЏ,вњ–пёЏ,
aclnnInplaceRound,вњ…,round_,вњ–пёЏ,вњ–пёЏ,вњ–пёЏ,
aclnnInplaceRoundDecimals,вњ…,round_;round_.decimals,вњ–пёЏ,вњ–пёЏ,вњ–пёЏ,
aclnnInplaceRsqrt,вњ…,rsqrt_,вњ–пёЏ,вњ–пёЏ,вњ–пёЏ,
aclnnInplaceScatter,вњ…,scatter_.src;scatter_.value,вњ…,вњ…,вњ…,InplaceScatterSrc;InplaceScatterSrcReduce
aclnnInplaceScatterUpdate,вњ…,scatter_update_,вњ…,вњ…,вњ…,KVCacheScatterUpdate;KvCacheScatterUpdate
aclnnInplaceScatterValue,вњ…,scatter_.src;scatter_.value,вњ…,вњ…,вњ…,InplaceScatterValue;InplaceScatterValueReduce
aclnnInplaceSelu,вњ–пёЏ,,вњ–пёЏ,вњ–пёЏ,вњ–пёЏ,
aclnnInplaceSigmoid,вњ…,sigmoid_,вњ…,вњ…,вњ…,InplaceSigmoid
aclnnInplaceSin,вњ…,sin_,вњ–пёЏ,вњ–пёЏ,вњ–пёЏ,
aclnnInplaceSinc,вњ…,sinc_,вњ–пёЏ,вњ–пёЏ,вњ–пёЏ,
aclnnInplaceSinh,вњ…,sinh_,вњ–пёЏ,вњ–пёЏ,вњ–пёЏ,
aclnnInplaceSqrt,вњ…,sqrt_,вњ–пёЏ,вњ–пёЏ,вњ–пёЏ,
aclnnInplaceSub,вњ…,sub_.Scalar;sub_.Tensor,вњ…,вњ…,вњ–пёЏ,InplaceSubExt
aclnnInplaceSubs,вњ…,sub_.Scalar;sub_.Tensor,вњ…,вњ…,вњ…,InplaceSubScalar
aclnnInplaceTan,вњ…,tan_,вњ–пёЏ,вњ–пёЏ,вњ–пёЏ,
aclnnInplaceTanh,вњ…,tanh_,вњ…,вњ…,вњ…,InplaceTanh
aclnnInplaceThreshold,вњ…,threshold_,вњ…,вњ…,вњ…,InplaceThreshold
aclnnInplaceTril,вњ…,tril_,вњ–пёЏ,вњ–пёЏ,вњ–пёЏ,
aclnnInplaceTriu,вњ…,triu_,вњ–пёЏ,вњ–пёЏ,вњ–пёЏ,
aclnnInplaceTrunc,вњ…,trunc_,вњ–пёЏ,вњ–пёЏ,вњ–пёЏ,
aclnnInplaceUniform,вњ…,uniform_,вњ…,вњ…,вњ…,InplaceUniform;RandExt;RandLikeExt;UniformExt
aclnnInplaceUniformTensor,вњ…,uniform_,вњ–пёЏ,вњ–пёЏ,вњ–пёЏ,
aclnnInplaceWeightQuantMatmulAllReduceAddRmsNorm,вњ–пёЏ,,вњ–пёЏ,вњ–пёЏ,вњ–пёЏ,
aclnnInplaceXLogYScalarOther,вњ…,xlogy_.Scalar_Other,вњ–пёЏ,вњ–пёЏ,вњ–пёЏ,
aclnnInplaceXLogYTensor,вњ–пёЏ,,вњ–пёЏ,вњ–пёЏ,вњ–пёЏ,
aclnnInplaceZero,вњ…,zero_;zeros;zeros.names;zeros.out,вњ…,вњ…,вњ…,GatherDGradV2;InplaceZero;IsInf;Isinf;MaskedSelectGrad;MultiScaleDeformableAttnGrad;NewZeros;Zeros;ZerosLikeExt
aclnnInstanceNorm,вњ–пёЏ,,вњ–пёЏ,вњ–пёЏ,вњ–пёЏ,
aclnnInverse,вњ…,inverse;inverse.out,вњ…,вњ…,вњ…,MatrixInverseExt
aclnnIou,вњ–пёЏ,,вњ–пёЏ,вњ–пёЏ,вњ–пёЏ,
aclnnIsClose,вњ…,isclose,вњ…,вњ…,вњ…,IsClose;Isclose
aclnnIsFinite,вњ…,isfinite,вњ…,вњ…,вњ…,IsFinite
aclnnIsInScalarTensor,вњ…,isin.Scalar_Tensor_out,вњ–пёЏ,вњ–пёЏ,вњ–пёЏ,
aclnnIsInTensorScalar,вњ…,isin.Tensor_Scalar;isin.Tensor_Scalar_out,вњ–пёЏ,вњ–пёЏ,вњ–пёЏ,
aclnnIsInf,вњ–пёЏ,,вњ…,вњ…,вњ…,IsInf
aclnnIsNegInf,вњ…,isneginf.out,вњ…,вњ…,вњ…,IsNegInf
aclnnIsPosInf,вњ…,isposinf.out,вњ–пёЏ,вњ–пёЏ,вњ–пёЏ,
aclnnKlDiv,вњ…,kl_div,вњ…,вњ…,вњ…,KLDiv;KlDiv
aclnnKlDivBackward,вњ…,kl_div_backward,вњ…,вњ…,вњ…,KLDivGrad;KlDivGrad
aclnnKthvalue,вњ…,kthvalue;kthvalue.dimname;kthvalue.dimname_out;kthvalue.values,вњ…,вњ…,вњ…,Kthvalue
aclnnL1Loss,вњ…,l1_loss,вњ…,вњ…,вњ…,L1LossExt
aclnnL1LossBackward,вњ…,l1_loss_backward,вњ…,вњ…,вњ…,L1LossBackwardExt
aclnnLayerNorm,вњ…,,вњ…,вњ…,вњ…,LayerNormExt
aclnnLayerNormBackward,вњ…,native_layer_norm_backward,вњ…,вњ…,вњ…,LayerNormGradExt
aclnnLayerNormWithImplMode,вњ–пёЏ,,вњ–пёЏ,вњ–пёЏ,вњ–пёЏ,
aclnnLeScalar,вњ…,le.Scalar;le.Scalar_out;le.Tensor;le.Tensor_out,вњ–пёЏ,вњ–пёЏ,вњ–пёЏ,
aclnnLeTensor,вњ…,le.Scalar;le.Scalar_out;le.Tensor;le.Tensor_out,вњ…,вњ…,вњ…,LessEqual
aclnnLeakyRelu,вњ…,leaky_relu;leaky_relu.out,вњ…,вњ…,вњ…,LeakyReLUExt
aclnnLeakyReluBackward,вњ…,leaky_relu_backward;leaky_relu_backward.grad_input,вњ…,вњ…,вњ…,LeakyReLUGradExt
aclnnLerp,вњ…,lerp.Tensor;lerp.Tensor_out,вњ…,вњ…,вњ…,Lerp
aclnnLerps,вњ…,lerp.Scalar;lerp.Scalar_out,вњ…,вњ…,вњ…,LerpScalar
aclnnLgamma,вњ–пёЏ,,вњ–пёЏ,вњ–пёЏ,вњ–пёЏ,
aclnnLightningIndexerGrad,вњ–пёЏ,,вњ…,вњ…,вњ…,LightningIndexerGrad
aclnnLinalgCholesky,вњ…,linalg_cholesky;linalg_cholesky.out,вњ–пёЏ,вњ–пёЏ,вњ–пёЏ,
aclnnLinalgCross,вњ…,linalg_cross;linalg_cross.out,вњ…,вњ…,вњ…,Cross
aclnnLinalgQr,вњ…,linalg_qr;linalg_qr.out,вњ…,вњ…,вњ…,LinalgQr
aclnnLinalgVectorNorm,вњ…,linalg_vector_norm;linalg_vector_norm.out,вњ…,вњ…,вњ…,LinalgVectorNorm
aclnnLinspace,вњ…,linspace;linspace.out,вњ…,вњ…,вњ…,LinSpaceExt
aclnnLog,вњ…,log;log.out,вњ…,вњ…,вњ…,Log
aclnnLog10,вњ…,log10;log10.out,вњ…,вњ…,вњ…,Log10
aclnnLog1p,вњ…,log1p;log1p.out,вњ…,вњ…,вњ…,Log1p
aclnnLog2,вњ…,log2;log2.out,вњ…,вњ…,вњ…,Log2
aclnnLogAddExp,вњ…,logaddexp;logaddexp.out,вњ…,вњ…,вњ…,LogAddExp
aclnnLogAddExp2,вњ…,logaddexp2;logaddexp2.out,вњ…,вњ…,вњ…,LogAddExp2
aclnnLogSigmoid,вњ…,log_sigmoid;log_sigmoid.out;log_sigmoid_forward;log_sigmoid_forward.output,вњ–пёЏ,вњ–пёЏ,вњ–пёЏ,
aclnnLogSigmoidBackward,вњ…,log_sigmoid_backward;log_sigmoid_backward.grad_input,вњ…,вњ…,вњ…,LogSigmoidGrad
aclnnLogSigmoidForward,вњ…,log_sigmoid_forward;log_sigmoid_forward.output,вњ…,вњ…,вњ…,LogSigmoid
aclnnLogSoftmax,вњ…,_log_softmax,вњ…,вњ…,вњ…,LogSoftmax;LogSoftmaxExt
aclnnLogSoftmaxBackward,вњ…,_log_softmax_backward_data;_log_softmax_backward_data.out,вњ…,вњ…,вњ…,LogSoftmaxGrad
aclnnLogSumExp,вњ…,logsumexp;logsumexp.names;logsumexp.names_out;logsumexp.out,вњ…,вњ…,вњ…,LogSumExp
aclnnLogdet,вњ–пёЏ,,вњ–пёЏ,вњ–пёЏ,вњ–пёЏ,
aclnnLogicalAnd,вњ…,logical_and;logical_and.out,вњ…,вњ…,вњ…,LogicalAnd
aclnnLogicalNot,вњ…,logical_not;logical_not.out,вњ…,вњ…,вњ…,LogicalNot
aclnnLogicalOr,вњ…,logical_or;logical_or.out,вњ…,вњ…,вњ…,LogicalOr
aclnnLogicalXor,вњ…,logical_xor;logical_xor.out,вњ…,вњ…,вњ…,LogicalXor
aclnnLogit,вњ…,logit;logit.out,вњ–пёЏ,вњ–пёЏ,вњ–пёЏ,
aclnnLogitGrad,вњ…,logit_backward;logit_backward.grad_input,вњ–пёЏ,вњ–пёЏ,вњ–пёЏ,
aclnnLtScalar,вњ…,lt.Scalar;lt.Scalar_out;lt.Tensor;lt.Tensor_out,вњ…,вњ…,вњ…,LessScalar
aclnnLtTensor,вњ…,lt.Scalar;lt.Scalar_out;lt.Tensor;lt.Tensor_out,вњ…,вњ…,вњ…,Less
aclnnMaskedSelect,вњ…,masked_select;masked_select.out,вњ…,вњ…,вњ…,MaskedSelect
aclnnMaskedSoftmaxWithRelPosBias,вњ…,npu_masked_softmax_with_rel_pos_bias,вњ–пёЏ,вњ–пёЏ,вњ–пёЏ,
aclnnMatmul,вњ…,npu_attn_softmax_backward_,вњ…,вњ…,вњ…,BatchMatMul;Dense;MatMul;MatMulExt;MatMulV2;MatmulExt
aclnnMatmulAllReduce,вњ…,npu_mm_all_reduce_base,вњ…,вњ–пёЏ,вњ…,MatMulAllReduce
aclnnMatmulAllReduceAddRmsNorm,вњ–пёЏ,,вњ…,вњ…,вњ…,MatmulAllReduceAddRmsNorm;MatmulAllreduceAddRmsnorm
aclnnMatmulAllReduceV2,вњ…,npu_mm_all_reduce_base,вњ–пёЏ,вњ–пёЏ,вњ–пёЏ,
aclnnMatmulCompress,вњ–пёЏ,,вњ–пёЏ,вњ–пёЏ,вњ–пёЏ,
aclnnMatmulCompressDequant,вњ–пёЏ,,вњ–пёЏ,вњ–пёЏ,вњ–пёЏ,
aclnnMatmulReduceScatter,вњ…,,вњ…,вњ…,вњ…,MatmulReduceScatter
aclnnMatmulReduceScatterV2,вњ…,npu_quant_mm_reduce_scatter,вњ–пёЏ,вњ–пёЏ,вњ–пёЏ,
aclnnMatmulWeightNz,вњ…,mm;mm.out,вњ–пёЏ,вњ–пёЏ,вњ–пёЏ,
aclnnMax,вњ…,max;max.dim;max.dim_max;max.names_dim;max.names_dim_max;max.out,вњ…,вњ…,вњ…,BincountExt;Max
aclnnMaxDim,вњ…,max;max.dim;max.dim_max;max.names_dim;max.names_dim_max;max.out,вњ…,вњ…,вњ…,ArgMaxWithValue;ArgmaxWithValue;MaxDim
aclnnMaxN,вњ–пёЏ,,вњ–пёЏ,вњ–пёЏ,вњ–пёЏ,
aclnnMaxPool,вњ–пёЏ,,вњ–пёЏ,вњ–пёЏ,вњ–пёЏ,
aclnnMaxPool2dWithIndices,вњ…,max_pool2d_with_indices;max_pool2d_with_indices.out,вњ…,вњ…,вњ…,MaxPoolWithIndices
aclnnMaxPool2dWithIndicesBackward,вњ…,max_pool2d_with_indices_backward;max_pool2d_with_indices_backward.grad_input,вњ…,вњ…,вњ…,MaxPoolGradWithIndices
aclnnMaxPool2dWithMask,вњ…,max_pool2d_with_indices;max_pool2d_with_indices.out,вњ…,вњ…,вњ…,MaxPoolWithMask
aclnnMaxPool2dWithMaskBackward,вњ…,max_pool2d_with_indices_backward;max_pool2d_with_indices_backward.grad_input,вњ…,вњ…,вњ…,MaxPoolGradWithMask
aclnnMaxPool3dWithArgmax,вњ…,max_pool3d_with_indices;max_pool3d_with_indices.out,вњ–пёЏ,вњ–пёЏ,вњ–пёЏ,
aclnnMaxPool3dWithArgmaxBackward,вњ…,max_pool3d_with_indices_backward;max_pool3d_with_indices_backward.grad_input,вњ–пёЏ,вњ–пёЏ,вњ–пёЏ,
aclnnMaxUnpool2d,вњ…,max_unpool2d;max_unpool2d.out,вњ…,вњ…,вњ…,MaxUnpool2DExt;MaxUnpool2dExt
aclnnMaxUnpool2dBackward,вњ–пёЏ,,вњ–пёЏ,вњ–пёЏ,вњ–пёЏ,
aclnnMaxUnpool3d,вњ…,max_unpool3d;max_unpool3d.out,вњ–пёЏ,вњ–пёЏ,вњ–пёЏ,
aclnnMaxUnpool3dBackward,вњ–пёЏ,,вњ–пёЏ,вњ–пёЏ,вњ–пёЏ,
aclnnMaxV2,вњ–пёЏ,,вњ–пёЏ,вњ–пёЏ,вњ–пёЏ,
aclnnMaximum,вњ…,max.out;maximum;maximum.out,вњ…,вњ…,вњ…,Maximum
aclnnMean,вњ…,mean;mean.dim;mean.names_dim;mean.names_out;mean.out,вњ…,вњ…,вњ…,AdaptiveAvgPool3DExt;AdaptiveAvgPool3dExt;MeanExt
aclnnMeanV2,вњ–пёЏ,,вњ–пёЏ,вњ–пёЏ,вњ–пёЏ,
aclnnMedian,вњ…,median,вњ…,вњ…,вњ…,MedianExt
aclnnMedianDim,вњ…,median.dim;median.dim_values,вњ…,вњ…,вњ…,MedianDim
aclnnMin,вњ…,min;min.dim;min.dim_min;min.names_dim;min.names_dim_min;min.out,вњ…,вњ…,вњ…,BincountExt;Min
aclnnMinDim,вњ…,min;min.dim;min.dim_min;min.names_dim;min.names_dim_min;min.out,вњ…,вњ…,вњ…,ArgMinWithValue;ArgminWithValue;MinDim
aclnnMinN,вњ–пёЏ,,вњ–пёЏ,вњ–пёЏ,вњ–пёЏ,
aclnnMinimum,вњ…,min.out;minimum.out,вњ…,вњ…,вњ…,Minimum
aclnnMish,вњ…,mish;mish.out,вњ…,вњ…,вњ…,MishExt
aclnnMishBackward,вњ…,mish_backward,вњ…,вњ…,вњ…,MishGradExt
aclnnMlaPreprocess,вњ–пёЏ,,вњ–пёЏ,вњ–пёЏ,вњ–пёЏ,
aclnnMlaPreprocessV2,вњ–пёЏ,,вњ–пёЏ,вњ–пёЏ,вњ–пёЏ,
aclnnMlaProlog,вњ–пёЏ,,вњ–пёЏ,вњ–пёЏ,вњ–пёЏ,
aclnnMlaPrologV2WeightNz,вњ…,npu_mla_prolog_v2,вњ–пёЏ,вњ–пёЏ,вњ–пёЏ,
aclnnMlaPrologV3WeightNz,вњ…,npu_mla_prolog_v3;npu_mla_prolog_v3_functional,вњ–пёЏ,вњ–пёЏ,вњ–пёЏ,
aclnnMm,вњ…,mm;mm.out;npu_linear;npu_linear_backward,вњ…,вњ…,вњ…,Matmul;Mm;MmExt
aclnnModulate,вњ–пёЏ,,вњ–пёЏ,вњ–пёЏ,вњ–пёЏ,
aclnnModulateBackward,вњ–пёЏ,,вњ–пёЏ,вњ–пёЏ,вњ–пёЏ,
aclnnMoeComputeExpertTokens,вњ…,npu_moe_compute_expert_tokens,вњ–пёЏ,вњ–пёЏ,вњ–пёЏ,
aclnnMoeDistributeCombine,вњ…,npu_moe_distribute_combine,вњ…,вњ…,вњ…,MoeDistributeCombine
aclnnMoeDistributeCombineAddRmsNorm,вњ…,npu_moe_distribute_combine_add_rms_norm,вњ–пёЏ,вњ–пёЏ,вњ–пёЏ,
aclnnMoeDistributeCombineAddRmsNormV2,вњ…,npu_moe_distribute_combine_add_rms_norm,вњ–пёЏ,вњ–пёЏ,вњ–пёЏ,
aclnnMoeDistributeCombineV2,вњ…,npu_moe_distribute_combine_v2,вњ–пёЏ,вњ–пёЏ,вњ–пёЏ,
aclnnMoeDistributeCombineV3,вњ…,npu_moe_distribute_combine_v2,вњ–пёЏ,вњ–пёЏ,вњ–пёЏ,
aclnnMoeDistributeCombineV4,вњ…,npu_moe_distribute_combine_v2,вњ–пёЏ,вњ–пёЏ,вњ–пёЏ,
aclnnMoeDistributeDispatch,вњ…,npu_moe_distribute_dispatch,вњ…,вњ…,вњ…,MoeDistributeDispatch
aclnnMoeDistributeDispatchV2,вњ…,npu_moe_distribute_dispatch_v2,вњ–пёЏ,вњ–пёЏ,вњ–пёЏ,
aclnnMoeDistributeDispatchV3,вњ…,npu_moe_distribute_dispatch_v2,вњ–пёЏ,вњ–пёЏ,вњ–пёЏ,
aclnnMoeDistributeDispatchV4,вњ…,npu_moe_distribute_dispatch_v2,вњ–пёЏ,вњ–пёЏ,вњ–пёЏ,
aclnnMoeFinalizeRouting,вњ…,npu_moe_finalize_routing,вњ–пёЏ,вњ–пёЏ,вњ–пёЏ,
aclnnMoeFinalizeRoutingV2,вњ…,npu_moe_finalize_routing,вњ–пёЏ,вњ–пёЏ,вњ–пёЏ,
aclnnMoeFinalizeRoutingV2Grad,вњ–пёЏ,,вњ–пёЏ,вњ–пёЏ,вњ–пёЏ,
aclnnMoeFusedTopk,вњ–пёЏ,,вњ–пёЏ,вњ–пёЏ,вњ–пёЏ,
aclnnMoeGatingTopK,вњ…,npu_moe_gating_top_k,вњ–пёЏ,вњ–пёЏ,вњ–пёЏ,
aclnnMoeGatingTopKSoftmax,вњ…,npu_moe_gating_top_k_softmax,вњ–пёЏ,вњ–пёЏ,вњ–пёЏ,
aclnnMoeGatingTopKSoftmaxV2,вњ…,npu_moe_gating_top_k_softmax_v2,вњ–пёЏ,вњ–пёЏ,вњ–пёЏ,
aclnnMoeInitRouting,вњ…,npu_moe_init_routing,вњ–пёЏ,вњ–пёЏ,вњ–пёЏ,
aclnnMoeInitRoutingQuant,вњ–пёЏ,,вњ–пёЏ,вњ–пёЏ,вњ–пёЏ,
aclnnMoeInitRoutingQuantV2,вњ…,npu_moe_init_routing_quant,вњ…,вњ–пёЏ,вњ…,MoeInitRoutingQuantV2
aclnnMoeInitRoutingV2,вњ…,npu_moe_init_routing_v2,вњ…,вњ–пёЏ,вњ…,MoeInitRoutingV2
aclnnMoeInitRoutingV2Grad,вњ–пёЏ,,вњ–пёЏ,вњ–пёЏ,вњ–пёЏ,
aclnnMoeInitRoutingV3,вњ…,npu_moe_init_routing_v2,вњ–пёЏ,вњ–пёЏ,вњ–пёЏ,
aclnnMoeTokenPermute,вњ…,npu_moe_token_permute,вњ…,вњ…,вњ…,MoeTokenPermute
aclnnMoeTokenPermuteGrad,вњ…,npu_moe_token_permute_grad,вњ…,вњ…,вњ…,MoeTokenPermuteGrad
aclnnMoeTokenPermuteWithEp,вњ–пёЏ,,вњ–пёЏ,вњ–пёЏ,вњ–пёЏ,
aclnnMoeTokenPermuteWithEpGrad,вњ–пёЏ,,вњ–пёЏ,вњ–пёЏ,вњ–пёЏ,
aclnnMoeTokenPermuteWithRoutingMap,вњ…,npu_moe_token_permute_with_routing_map,вњ–пёЏ,вњ–пёЏ,вњ–пёЏ,
aclnnMoeTokenPermuteWithRoutingMapGrad,вњ…,,вњ–пёЏ,вњ–пёЏ,вњ–пёЏ,
aclnnMoeTokenUnpermute,вњ…,npu_moe_token_unpermute,вњ…,вњ…,вњ…,InnerMoeTokenUnpermute
aclnnMoeTokenUnpermuteGrad,вњ…,npu_moe_token_unpermute_grad,вњ…,вњ…,вњ…,MoeTokenUnpermuteGrad
aclnnMoeTokenUnpermuteWithEp,вњ–пёЏ,,вњ–пёЏ,вњ–пёЏ,вњ–пёЏ,
aclnnMoeTokenUnpermuteWithEpGrad,вњ–пёЏ,,вњ–пёЏ,вњ–пёЏ,вњ–пёЏ,
aclnnMoeTokenUnpermuteWithRoutingMap,вњ…,_npu_moe_token_unpermute_with_routing_map,вњ–пёЏ,вњ–пёЏ,вњ–пёЏ,
aclnnMoeTokenUnpermuteWithRoutingMapGrad,вњ…,npu_moe_token_unpermute_with_routing_map_grad,вњ–пёЏ,вњ–пёЏ,вњ–пёЏ,
aclnnMoeUpdateExpert,вњ…,npu_moe_update_expert,вњ–пёЏ,вњ–пёЏ,вњ–пёЏ,
aclnnMrgbaCustom,вњ–пёЏ,,вњ–пёЏ,вњ–пёЏ,вњ–пёЏ,
aclnnMseLoss,вњ…,mse_loss;mse_loss.out,вњ…,вњ…,вњ…,MSELossExt;MseLossExt
aclnnMseLossBackward,вњ…,mse_loss_backward;mse_loss_backward.grad_input,вњ…,вњ…,вњ…,MSELossGradExt;MseLossGradExt
aclnnMseLossOut,вњ–пёЏ,,вњ–пёЏ,вњ–пёЏ,вњ–пёЏ,
aclnnMul,вњ…,mul.Scalar;mul.Tensor;mul.out,вњ…,вњ…,вњ…,Mul;Outer;Square
aclnnMuls,вњ…,mul.Scalar;mul.Tensor;mul.out,вњ…,вњ…,вњ…,Muls
aclnnMultiScaleDeformableAttentionGrad,вњ–пёЏ,,вњ…,вњ…,вњ…,MultiScaleDeformableAttnGrad
aclnnMultiScaleDeformableAttnFunction,вњ–пёЏ,,вњ…,вњ…,вњ…,MultiScaleDeformableAttn
aclnnMultilabelMarginLoss,вњ…,multilabel_margin_loss.out;multilabel_margin_loss_forward;multilabel_margin_loss_forward.output,вњ–пёЏ,вњ–пёЏ,вњ–пёЏ,
aclnnMultinomial,вњ…,multinomial;multinomial.out,вњ…,вњ…,вњ…,MultinomialExt
aclnnMultinomialTensor,вњ…,,вњ–пёЏ,вњ–пёЏ,вњ–пёЏ,
aclnnMv,вњ…,mv;mv.out,вњ…,вњ…,вњ…,Mv
aclnnNLLLoss,вњ…,nll_loss_forward;nll_loss_forward.output,вњ…,вњ…,вњ…,NLLLoss;Nllloss
aclnnNLLLoss2d,вњ…,nll_loss2d_forward;nll_loss2d_forward.output,вњ…,вњ…,вњ…,NLLLoss2d;Nllloss2d
aclnnNLLLoss2dBackward,вњ…,nll_loss2d_backward;nll_loss2d_backward.grad_input,вњ…,вњ…,вњ…,NLLLoss2dGrad;Nllloss2dGrad
aclnnNLLLossBackward,вњ…,nll_loss_backward;nll_loss_backward.grad_input,вњ…,вњ…,вњ…,NLLLossGrad;NlllossGrad
aclnnNanMedian,вњ…,nanmedian,вњ–пёЏ,вњ–пёЏ,вњ–пёЏ,
aclnnNanMedianDim,вњ…,nanmedian.dim,вњ–пёЏ,вњ–пёЏ,вњ–пёЏ,
aclnnNanToNum,вњ…,nan_to_num;nan_to_num.out,вњ…,вњ…,вњ…,NanToNum
aclnnNeScalar,вњ…,ne.Scalar;ne.Scalar_out;ne.Tensor;ne.Tensor_out,вњ…,вњ…,вњ…,CountNonZero;NeScalar
aclnnNeTensor,вњ…,ne.Scalar;ne.Scalar_out;ne.Tensor;ne.Tensor_out,вњ…,вњ…,вњ…,NotEqual
aclnnNeg,вњ…,neg;neg.out;neg_,вњ…,вњ…,вњ…,Neg
aclnnNonMaxSuppression,вњ–пёЏ,,вњ–пёЏ,вњ–пёЏ,вњ–пёЏ,
aclnnNonzero,вњ…,nonzero;nonzero.out,вњ…,вњ…,вњ…,NonZero
aclnnNonzeroV2,вњ–пёЏ,,вњ…,вњ…,вњ…,InnerNonZero
aclnnNorm,вњ…,norm.Scalar;norm.ScalarOpt_dim;norm.ScalarOpt_dim_dtype;norm.ScalarOpt_dtype;norm.dtype_out;norm.out,вњ…,вњ…,вњ…,Norm
aclnnNormRopeConcat,вњ–пёЏ,,вњ–пёЏ,вњ–пёЏ,вњ–пёЏ,
aclnnNormRopeConcatBackward,вњ–пёЏ,,вњ–пёЏ,вњ–пёЏ,вњ–пёЏ,
aclnnNormalFloatFloat,вњ…,normal.Tensor_Tensor;normal.Tensor_Tensor_out;normal.Tensor_float;normal.Tensor_float_out;normal.float_Tensor;normal.float_Tensor_out;normal.float_float;normal.float_float_out,вњ…,вњ…,вњ…,NormalFloatFloat
aclnnNormalFloatTensor,вњ…,normal.Tensor_Tensor;normal.Tensor_Tensor_out;normal.Tensor_float;normal.Tensor_float_out;normal.float_Tensor;normal.float_Tensor_out;normal.float_float;normal.float_float_out,вњ…,вњ…,вњ…,NormalFloatTensor
aclnnNormalTensorFloat,вњ…,normal.Tensor_Tensor;normal.Tensor_Tensor_out;normal.Tensor_float;normal.Tensor_float_out;normal.float_Tensor;normal.float_Tensor_out;normal.float_float;normal.float_float_out,вњ…,вњ…,вњ…,NormalTensorFloat
aclnnNormalTensorTensor,вњ…,normal.Tensor_Tensor;normal.Tensor_Tensor_out;normal.Tensor_float;normal.Tensor_float_out;normal.float_Tensor;normal.float_Tensor_out;normal.float_float;normal.float_float_out,вњ…,вњ…,вњ…,NormalTensorTensor
aclnnNpuFormatCast,вњ–пёЏ,,вњ–пёЏ,вњ–пёЏ,вњ–пёЏ,
aclnnNsaCompress,вњ…,npu_nsa_compress,вњ…,вњ…,вњ…,NsaCompress
aclnnNsaCompressAttention,вњ…,npu_nsa_compress_attention,вњ…,вњ…,вњ…,NsaCompressAttention
aclnnNsaCompressAttentionInfer,вњ…,npu_nsa_compress_attention_infer,вњ–пёЏ,вњ–пёЏ,вњ–пёЏ,
aclnnNsaCompressGrad,вњ…,npu_nsa_compress_grad,вњ…,вњ…,вњ…,NsaCompressGrad
aclnnNsaCompressWithCache,вњ…,npu_nsa_compress_infer.cache,вњ–пёЏ,вњ–пёЏ,вњ–пёЏ,
aclnnNsaSelectedAttention,вњ…,npu_nsa_select_attention,вњ…,вњ…,вњ…,NsaSelectAttention
aclnnNsaSelectedAttentionGrad,вњ…,npu_nsa_select_attention_grad,вњ…,вњ…,вњ…,NsaSelectAttentionGrad
aclnnNsaSelectedAttentionInfer,вњ…,npu_nsa_select_attention_infer,вњ–пёЏ,вњ–пёЏ,вњ–пёЏ,
aclnnObfuscationCalculate,вњ–пёЏ,,вњ–пёЏ,вњ–пёЏ,вњ–пёЏ,
aclnnObfuscationCalculateV2,вњ…,obfuscation_calculate,вњ–пёЏ,вњ–пёЏ,вњ–пёЏ,
aclnnObfuscationSetup,вњ–пёЏ,,вњ–пёЏ,вњ–пёЏ,вњ–пёЏ,
aclnnObfuscationSetupV2,вњ…,obfuscation_finalize;obfuscation_initialize,вњ–пёЏ,вњ–пёЏ,вњ–пёЏ,
aclnnOneHot,вњ…,npu_one_hot;one_hot,вњ…,вњ…,вњ…,OneHotExt
aclnnPdist,вњ…,_pdist_forward,вњ–пёЏ,вњ–пёЏ,вњ–пёЏ,
aclnnPdistForward,вњ–пёЏ,,вњ–пёЏ,вњ–пёЏ,вњ–пёЏ,
aclnnPermute,вњ–пёЏ,,вњ…,вњ…,вњ…,Dense;TExt;Transpose;TransposeExt;TransposeExtView
aclnnPolar,вњ…,polar;polar.out,вњ…,вњ…,вњ…,Polar
aclnnPowScalarTensor,вњ…,pow.Scalar;pow.Scalar_out,вњ…,вњ…,вњ…,PowScalarTensor
aclnnPowTensorScalar,вњ…,pow.Tensor_Scalar;pow.Tensor_Scalar_out,вњ…,вњ…,вњ…,PowTensorScalar
aclnnPowTensorTensor,вњ…,pow.Tensor_Tensor;pow.Tensor_Tensor_out,вњ…,вњ…,вњ…,Pow
aclnnPrecisionCompare,вњ–пёЏ,,вњ–пёЏ,вњ–пёЏ,вњ–пёЏ,
aclnnPrelu,вњ…,_prelu_kernel,вњ…,вњ…,вњ…,PReLU
aclnnPreluBackward,вњ…,_prelu_kernel_backward,вњ…,вњ…,вњ…,PReLUGrad
aclnnProd,вњ…,prod;prod.dim_int;prod.int_out,вњ…,вњ…,вњ–пёЏ,ProdExt
aclnnProdDim,вњ…,prod;prod.dim_int;prod.int_out,вњ…,вњ…,вњ…,ProdExt
aclnnPromptFlashAttention,вњ–пёЏ,,вњ–пёЏ,вњ–пёЏ,вњ–пёЏ,
aclnnPromptFlashAttentionV2,вњ–пёЏ,,вњ–пёЏ,вњ–пёЏ,вњ–пёЏ,
aclnnPromptFlashAttentionV3,вњ–пёЏ,,вњ…,вњ…,вњ…,PromptFlashAttention
aclnnQr,вњ–пёЏ,,вњ–пёЏ,вњ–пёЏ,вњ–пёЏ,
aclnnQuantConvolution,вњ…,npu_quant_conv2d,вњ–пёЏ,вњ–пёЏ,вњ–пёЏ,
aclnnQuantGroupedMatmulDequant,вњ…,npu_quant_grouped_matmul_dequant,вњ–пёЏ,вњ–пёЏ,вњ–пёЏ,
aclnnQuantMatmul,вњ–пёЏ,,вњ–пёЏ,вњ–пёЏ,вњ–пёЏ,
aclnnQuantMatmulAllReduce,вњ…,npu_mm_all_reduce_base,вњ–пёЏ,вњ–пёЏ,вњ–пёЏ,
aclnnQuantMatmulAllReduceAddRmsNorm,вњ–пёЏ,,вњ–пёЏ,вњ–пёЏ,вњ–пёЏ,
aclnnQuantMatmulAllReduceV2,вњ…,npu_mm_all_reduce_base,вњ…,вњ–пёЏ,вњ…,QuantBatchMatmulAllReduce
aclnnQuantMatmulAllReduceV3,вњ…,npu_mm_all_reduce_base,вњ–пёЏ,вњ–пёЏ,вњ–пёЏ,
aclnnQuantMatmulDequant,вњ…,npu_quant_matmul_dequant,вњ–пёЏ,вњ–пёЏ,вњ–пёЏ,
aclnnQuantMatmulReduceSumWeightNz,вњ…,npu_quant_matmul_reduce_sum,вњ–пёЏ,вњ–пёЏ,вњ–пёЏ,
aclnnQuantMatmulV2,вњ–пёЏ,,вњ–пёЏ,вњ–пёЏ,вњ–пёЏ,
aclnnQuantMatmulV3,вњ–пёЏ,,вњ–пёЏ,вњ–пёЏ,вњ–пёЏ,
aclnnQuantMatmulV4,вњ–пёЏ,,вњ…,вњ…,вњ…,QuantBatchMatmul
aclnnQuantMatmulV5,вњ…,npu_quant_matmul,вњ…,вњ…,вњ–пёЏ,QuantMatmul
aclnnQuantMatmulWeightNz,вњ…,npu_quant_matmul,вњ–пёЏ,вњ–пёЏ,вњ–пёЏ,
aclnnQuantize,вњ…,_quantize_per_channel_impl.out;_quantize_per_tensor_impl.out,вњ–пёЏ,вњ–пёЏ,вњ–пёЏ,
aclnnQuantizedBatchNorm,вњ–пёЏ,,вњ–пёЏ,вњ–пёЏ,вњ–пёЏ,
aclnnRReluWithNoise,вњ…,rrelu_with_noise;rrelu_with_noise.out,вњ–пёЏ,вњ–пёЏ,вњ–пёЏ,
aclnnRainFusionAttention,вњ–пёЏ,,вњ–пёЏ,вњ–пёЏ,вњ–пёЏ,
aclnnRandperm,вњ…,randperm;randperm.generator;randperm.generator_out;randperm.out,вњ…,вњ…,вњ…,RandpermExt
aclnnRange,вњ…,range;range.out;range.step,вњ–пёЏ,вњ–пёЏ,вњ–пёЏ,
aclnnReal,вњ–пёЏ,,вњ–пёЏ,вњ–пёЏ,вњ–пёЏ,
aclnnReciprocal,вњ…,reciprocal;reciprocal.out,вњ…,вњ…,вњ…,Reciprocal
aclnnRecurrentGatedDeltaRule,вњ…,npu_recurrent_gated_delta_rule;npu_recurrent_gated_delta_rule_functional,вњ–пёЏ,вњ–пёЏ,вњ–пёЏ,
aclnnReduceLogSum,вњ–пёЏ,,вњ–пёЏ,вњ–пёЏ,вњ–пёЏ,
aclnnReduceNansum,вњ…,,вњ…,вњ…,вњ…,Nansum
aclnnReduceSum,вњ…,sum;sum.DimnameList_out;sum.IntList_out;sum.dim_DimnameList;sum.dim_IntList,вњ…,вњ…,вњ…,CountNonZero;ReduceSum;SumExt
aclnnReflectionPad1d,вњ…,reflection_pad1d;reflection_pad1d.out,вњ…,вњ…,вњ…,ReflectionPad1D
aclnnReflectionPad1dBackward,вњ…,reflection_pad1d_backward;reflection_pad1d_backward.grad_input,вњ…,вњ…,вњ…,ReflectionPad1DGrad
aclnnReflectionPad2d,вњ…,reflection_pad2d;reflection_pad2d.out,вњ…,вњ…,вњ…,ReflectionPad2D
aclnnReflectionPad2dBackward,вњ…,reflection_pad2d_backward;reflection_pad2d_backward.grad_input,вњ…,вњ…,вњ…,ReflectionPad2DGrad
aclnnReflectionPad3d,вњ…,reflection_pad3d;reflection_pad3d.out,вњ…,вњ…,вњ…,ReflectionPad3D
aclnnReflectionPad3dBackward,вњ…,reflection_pad3d_backward;reflection_pad3d_backward.grad_input,вњ…,вњ…,вњ…,ReflectionPad3DGrad
aclnnRelu,вњ…,relu,вњ…,вњ…,вњ…,ReLU
aclnnRemainderScalarTensor,вњ…,remainder.Scalar;remainder.Scalar_Tensor;remainder.Scalar_out;remainder.Tensor;remainder.Tensor_out,вњ…,вњ…,вњ…,RemainderScalarTensor
aclnnRemainderTensorScalar,вњ…,remainder.Scalar;remainder.Scalar_Tensor;remainder.Scalar_out;remainder.Tensor;remainder.Tensor_out,вњ…,вњ…,вњ…,RemainderTensorScalar
aclnnRemainderTensorTensor,вњ…,remainder.Scalar;remainder.Scalar_Tensor;remainder.Scalar_out;remainder.Tensor;remainder.Tensor_out,вњ…,вњ…,вњ…,RemainderTensorTensor
aclnnRenorm,вњ…,renorm;renorm.out,вњ–пёЏ,вњ–пёЏ,вњ–пёЏ,
aclnnRepeat,вњ…,repeat,вњ…,вњ…,вњ…,Repeat;Tile
aclnnRepeatInterleave,вњ…,repeat_interleave.self_Tensor;repeat_interleave.self_int,вњ…,вњ…,вњ–пёЏ,RepeatInterleaveTensor
aclnnRepeatInterleaveInt,вњ…,,вњ…,вњ…,вњ…,RepeatInterleaveInt
aclnnRepeatInterleaveIntWithDim,вњ…,,вњ…,вњ…,вњ…,RepeatInterleaveInt
aclnnRepeatInterleaveTensor,вњ–пёЏ,,вњ…,вњ…,вњ…,
aclnnRepeatInterleaveWithDim,вњ…,repeat_interleave.self_Tensor;repeat_interleave.self_int,вњ…,вњ…,вњ…,RepeatInterleaveTensor
aclnnReplicationPad1d,вњ…,replication_pad1d;replication_pad1d.out,вњ…,вњ…,вњ…,ReplicationPad1D
aclnnReplicationPad1dBackward,вњ…,replication_pad1d_backward;replication_pad1d_backward.grad_input,вњ…,вњ…,вњ…,ReplicationPad1DGrad
aclnnReplicationPad2d,вњ…,replication_pad2d;replication_pad2d.out,вњ…,вњ…,вњ…,ReplicationPad2D
aclnnReplicationPad2dBackward,вњ…,replication_pad2d_backward;replication_pad2d_backward.grad_input,вњ…,вњ…,вњ…,ReplicationPad2DGrad
aclnnReplicationPad3d,вњ…,replication_pad3d;replication_pad3d.out,вњ…,вњ…,вњ…,ReplicationPad3D
aclnnReplicationPad3dBackward,вњ…,replication_pad3d_backward;replication_pad3d_backward.grad_input,вњ…,вњ…,вњ…,ReplicationPad3DGrad
aclnnResize,вњ–пёЏ,,вњ–пёЏ,вњ–пёЏ,вњ–пёЏ,
aclnnRightShift,вњ…,__irshift__.Scalar;__irshift__.Tensor;__rshift__.Scalar;__rshift__.Tensor,вњ–пёЏ,вњ–пёЏ,вњ–пёЏ,
aclnnRingAttentionUpdate,вњ–пёЏ,,вњ…,вњ…,вњ…,RingAttentionUpdate
aclnnRingAttentionUpdateV2,вњ–пёЏ,,вњ–пёЏ,вњ–пёЏ,вњ–пёЏ,
aclnnRmsNorm,вњ…,npu_rms_norm,вњ…,вњ…,вњ…,RmsNorm
aclnnRmsNormGrad,вњ…,npu_rms_norm_backward,вњ…,вњ…,вњ…,RmsNormGrad
aclnnRmsNormQuant,вњ…,npu_rms_norm_quant,вњ–пёЏ,вњ–пёЏ,вњ–пёЏ,
aclnnRoiAlign,вњ–пёЏ,,вњ–пёЏ,вњ–пёЏ,вњ–пёЏ,
aclnnRoiAlignV2,вњ–пёЏ,,вњ–пёЏ,вњ–пёЏ,вњ–пёЏ,
aclnnRoiAlignV2Backward,вњ–пёЏ,,вњ–пёЏ,вњ–пёЏ,вњ–пёЏ,
aclnnRoll,вњ…,roll,вњ…,вњ…,вњ…,Roll
aclnnRopeWithSinCosCache,вњ–пёЏ,,вњ–пёЏ,вњ–пёЏ,вњ–пёЏ,
aclnnRotaryPositionEmbedding,вњ…,npu_rotary_mul,вњ…,вњ…,вњ…,RotaryPositionEmbedding
aclnnRotaryPositionEmbeddingGrad,вњ…,npu_rotary_mul_backward,вњ…,вњ…,вњ…,RotaryPositionEmbeddingGrad
aclnnRound,вњ…,round;round.out,вњ…,вњ…,вњ…,
aclnnRoundDecimals,вњ…,round;round.decimals;round.decimals_out;round.out,вњ…,вњ…,вњ…,Round
aclnnRsqrt,вњ…,rsqrt;rsqrt.out,вњ…,вњ…,вњ…,Rsqrt
aclnnRsub,вњ…,rsub.Tensor,вњ–пёЏ,вњ–пёЏ,вњ–пёЏ,
aclnnRsubs,вњ…,rsub.Scalar,вњ–пёЏ,вњ–пёЏ,вњ–пёЏ,
aclnnSWhere,вњ…,where;where.self;where.self_out,вњ…,вњ…,вњ…,Select
aclnnScale,вњ–пёЏ,,вњ–пёЏ,вњ–пёЏ,вњ–пёЏ,
aclnnScaledMaskedSoftmax,вњ…,_masked_softmax;npu_scaled_masked_softmax,вњ–пёЏ,вњ–пёЏ,вњ–пёЏ,
aclnnScaledMaskedSoftmaxBackward,вњ…,npu_scaled_masked_softmax_backward,вњ–пёЏ,вњ–пёЏ,вњ–пёЏ,
aclnnScatter,вњ…,scatter.src_out;scatter.value_out,вњ…,вњ…,вњ…,Scatter
aclnnScatterAdd,вњ…,scatter_add;scatter_add.dimname;scatter_add_,вњ…,вњ…,вњ…,GatherDGradV2;InplaceScatterAdd;ScatterAddExt
aclnnScatterNd,вњ–пёЏ,,вњ–пёЏ,вњ–пёЏ,вњ–пёЏ,
aclnnScatterNdUpdate,вњ…,npu_scatter_nd_update;npu_scatter_nd_update_,вњ–пёЏ,вњ–пёЏ,вњ–пёЏ,
aclnnScatterPaKvCache,вњ–пёЏ,,вњ–пёЏ,вњ–пёЏ,вњ–пёЏ,
aclnnScatterValue,вњ…,scatter.src_out;scatter.value_out,вњ…,вњ…,вњ…,ScatterValue
aclnnSearchSorted,вњ…,searchsorted.Tensor;searchsorted.Tensor_out,вњ…,вњ…,вњ…,SearchSorted;Searchsorted
aclnnSearchSorteds,вњ…,searchsorted.Scalar,вњ–пёЏ,вњ–пёЏ,вњ–пёЏ,
aclnnSelu,вњ–пёЏ,,вњ…,вњ…,вњ…,SeLUExt
aclnnSeluBackward,вњ–пёЏ,,вњ…,вњ…,вњ…,SeluGrad
aclnnShrink,вњ–пёЏ,,вњ–пёЏ,вњ–пёЏ,вњ–пёЏ,
aclnnSigmoid,вњ…,sigmoid;sigmoid.out,вњ…,вњ…,вњ…,Sigmoid
aclnnSigmoidBackward,вњ…,sigmoid_backward;sigmoid_backward.grad_input,вњ…,вњ…,вњ…,SigmoidGrad
aclnnSign,вњ…,sgn;sgn.out;sign;sign.out;sign_,вњ…,вњ…,вњ…,InplaceSign;Sign
aclnnSignBitsPack,вњ–пёЏ,,вњ–пёЏ,вњ–пёЏ,вњ–пёЏ,
aclnnSignBitsUnpack,вњ–пёЏ,,вњ–пёЏ,вњ–пёЏ,вњ–пёЏ,
aclnnSignbit,вњ…,signbit.out,вњ–пёЏ,вњ–пёЏ,вњ–пёЏ,
aclnnSilentCheck,вњ…,_npu_silent_check_v2,вњ…,вњ…,вњ…,SilentCheckV2
aclnnSilentCheckV2,вњ…,_npu_silent_check_v3,вњ…,вњ…,вњ…,SilentCheckV3
aclnnSilu,вњ…,silu;silu.out;silu_,вњ…,вњ…,вњ…,InplaceSiLU;InplaceSilu;SiLU
aclnnSiluBackward,вњ…,silu_backward;silu_backward.grad_input,вњ…,вњ…,вњ…,SiLUGrad
aclnnSimThreadExponential,вњ…,npu_sim_exponential_,вњ–пёЏ,вњ–пёЏ,вњ–пёЏ,
aclnnSin,вњ…,sin;sin.out,вњ…,вњ…,вњ…,Sin
aclnnSinc,вњ…,sinc;sinc.out,вњ…,вњ…,вњ…,Sinc
aclnnSinh,вњ…,sinh;sinh.out,вњ…,вњ…,вњ…,Sinh
aclnnSinkhorn,вњ–пёЏ,,вњ–пёЏ,вњ–пёЏ,вњ–пёЏ,
aclnnSlice,вњ–пёЏ,,вњ…,вњ…,вњ…,Narrow;Slice;SliceExt
aclnnSliceV2,вњ–пёЏ,,вњ–пёЏ,вњ–пёЏ,вњ–пёЏ,
aclnnSlogdet,вњ…,slogdet,вњ–пёЏ,вњ–пёЏ,вњ–пёЏ,
aclnnSmoothL1Loss,вњ…,smooth_l1_loss;smooth_l1_loss.out,вњ…,вњ…,вњ…,SmoothL1Loss
aclnnSmoothL1LossBackward,вњ…,smooth_l1_loss_backward;smooth_l1_loss_backward.grad_input,вњ…,вњ…,вњ…,SmoothL1LossGrad
aclnnSoftMarginLoss,вњ…,soft_margin_loss;soft_margin_loss.out,вњ…,вњ…,вњ…,SoftMarginLoss
aclnnSoftMarginLossBackward,вњ…,soft_margin_loss_backward;soft_margin_loss_backward.grad_input,вњ…,вњ…,вњ…,SoftMarginLossGrad
aclnnSoftmax,вњ…,_softmax;_softmax.out;npu_attn_softmax_,вњ…,вњ…,вњ…,Softmax
aclnnSoftmaxBackward,вњ…,_softmax_backward_data;_softmax_backward_data.out;npu_attn_softmax_backward_,вњ…,вњ…,вњ…,SoftmaxBackward
aclnnSoftmaxCrossEntropyWithLogits,вњ–пёЏ,,вњ–пёЏ,вњ–пёЏ,вњ–пёЏ,
aclnnSoftplus,вњ…,softplus;softplus.out,вњ…,вњ…,вњ…,SoftplusExt
aclnnSoftplusBackward,вњ…,softplus_backward.grad_input,вњ…,вњ…,вњ…,SoftplusGradExt
aclnnSoftshrink,вњ…,softshrink;softshrink.out,вњ…,вњ…,вњ…,SoftShrink;Softshrink
aclnnSoftshrinkBackward,вњ…,softshrink_backward;softshrink_backward.grad_input,вњ…,вњ…,вњ…,SoftShrinkGrad;SoftshrinkGrad
aclnnSort,вњ…,sort;sort.dimname;sort.dimname_values;sort.stable;sort.values;sort.values_stable,вњ…,вњ…,вњ…,ArgSort;SortExt
aclnnSparseFlashAttentionGrad,вњ–пёЏ,,вњ…,вњ…,вњ…,SparseFlashAttentionGrad
aclnnSparseLightningIndexerGradKLLoss,вњ–пёЏ,,вњ–пёЏ,вњ–пёЏ,вњ–пёЏ,
aclnnSplitTensor,вњ–пёЏ,,вњ…,вњ…,вњ…,Chunk;SplitTensor
aclnnSplitWithSize,вњ…,split_with_sizes_copy.out,вњ…,вњ…,вњ…,SplitWithSize
aclnnSqrt,вњ…,sqrt;sqrt.out,вњ…,вњ…,вњ…,Sqrt
aclnnSquaredRelu,вњ–пёЏ,,вњ–пёЏ,вњ–пёЏ,вњ–пёЏ,
aclnnStack,вњ…,stack;stack.out,вњ…,вњ…,вњ…,StackExt
aclnnStd,вњ…,std.correction;std.correction_out,вњ…,вњ…,вњ…,Std
aclnnStdMeanCorrection,вњ…,std_mean.correction,вњ…,вњ…,вњ…,StdMean
aclnnStridedSliceAssignV2,вњ–пёЏ,,вњ–пёЏ,вњ–пёЏ,вњ–пёЏ,
aclnnSub,вњ…,sub.Scalar;sub.Tensor;sub.out,вњ…,вњ…,вњ…,Sub;SubExt
aclnnSubs,вњ…,sub.Scalar;sub.Tensor;sub.out,вњ…,вњ…,вњ…,SubScalar
aclnnSum,вњ–пёЏ,,вњ–пёЏ,вњ–пёЏ,вњ–пёЏ,
aclnnSvd,вњ…,_linalg_svd.U,вњ–пёЏ,вњ–пёЏ,вњ–пёЏ,
aclnnSwiGlu,вњ…,npu_swiglu,вњ…,вњ…,вњ…,Swiglu
aclnnSwiGluGrad,вњ…,npu_swiglu_backward,вњ…,вњ…,вњ…,SwigluGrad
aclnnSwiGluQuant,вњ–пёЏ,,вњ–пёЏ,вњ–пёЏ,вњ–пёЏ,
aclnnSwiGluQuantV2,вњ…,npu_swiglu_quant,вњ–пёЏ,вњ–пёЏ,вњ–пёЏ,
aclnnSwinAttentionScoreQuant,вњ–пёЏ,,вњ–пёЏ,вњ–пёЏ,вњ–пёЏ,
aclnnSwinTransformerLnQkvQuant,вњ–пёЏ,,вњ–пёЏ,вњ–пёЏ,вњ–пёЏ,
aclnnSwish,вњ–пёЏ,,вњ–пёЏ,вњ–пёЏ,вњ–пёЏ,
aclnnSwishBackward,вњ–пёЏ,,вњ–пёЏ,вњ–пёЏ,вњ–пёЏ,
aclnnSyncBatchNormGatherStats,вњ…,batch_norm_gather_stats_update,вњ–пёЏ,вњ–пёЏ,вњ–пёЏ,
aclnnTake,вњ…,take;take.out,вњ…,вњ…,вњ…,Take
aclnnTan,вњ…,tan;tan.out,вњ…,вњ…,вњ…,Tan
aclnnTanh,вњ…,tanh;tanh.out,вњ…,вњ…,вњ…,Tanh
aclnnTanhBackward,вњ…,tanh_backward;tanh_backward.grad_input,вњ…,вњ…,вњ…,TanhGrad
aclnnTfScatterAdd,вњ–пёЏ,,вњ…,вњ…,вњ…,TensorScatterAdd
aclnnThreeInterpolateBackward,вњ–пёЏ,,вњ–пёЏ,вњ–пёЏ,вњ–пёЏ,
aclnnThreshold,вњ…,threshold;threshold.out,вњ…,вњ…,вњ…,Threshold
aclnnThresholdBackward,вњ…,threshold_backward,вњ…,вњ…,вњ…,ReluGrad;ThresholdGrad
aclnnTopKTopPSample,вњ–пёЏ,,вњ–пёЏ,вњ–пёЏ,вњ–пёЏ,
aclnnTopk,вњ…,topk;topk.values,вњ…,вњ…,вњ…,TopkExt
aclnnTrace,вњ…,trace,вњ…,вњ…,вњ…,TraceExt
aclnnTransConvolutionWeight,вњ–пёЏ,,вњ–пёЏ,вњ–пёЏ,вњ–пёЏ,
aclnnTransMatmulWeight,вњ–пёЏ,,вњ–пёЏ,вњ–пёЏ,вњ–пёЏ,
aclnnTransQuantParam,вњ–пёЏ,,вњ–пёЏ,вњ–пёЏ,вњ–пёЏ,
aclnnTransQuantParamV2,вњ…,npu_trans_quant_param;npu_weight_quant_batchmatmul,вњ…,вњ…,вњ–пёЏ,QuantMatmul
aclnnTransQuantParamV3,вњ…,npu_trans_quant_param,вњ–пёЏ,вњ–пёЏ,вњ–пёЏ,
aclnnTransformBiasRescaleQkv,вњ…,_transform_bias_rescale_qkv,вњ–пёЏ,вњ–пёЏ,вњ–пёЏ,
aclnnTransposeBatchMatMul,вњ…,npu_transpose_batchmatmul,вњ–пёЏ,вњ–пёЏ,вњ–пёЏ,
aclnnTriangularSolve,вњ…,triangular_solve.X,вњ…,вњ…,вњ…,TriangularSolve
aclnnTril,вњ…,tril;tril.out,вњ…,вњ…,вњ…,TrilExt
aclnnTriu,вњ…,triu;triu.out,вњ…,вњ…,вњ…,Triu
aclnnTrunc,вњ…,trunc;trunc.out,вњ…,вњ…,вњ…,Trunc
aclnnUnfoldGrad,вњ…,unfold_backward,вњ–пёЏ,вњ–пёЏ,вњ–пёЏ,
aclnnUnique,вњ…,_unique,вњ…,вњ–пёЏ,вњ…,InnerUnique
aclnnUnique2,вњ…,_unique2,вњ…,вњ…,вњ…,Unique2
aclnnUniqueConsecutive,вњ…,unique_consecutive,вњ…,вњ…,вњ…,UniqueConsecutive
aclnnUniqueDim,вњ…,unique_dim,вњ…,вњ…,вњ…,UniqueDim
aclnnUpsampleBicubic2d,вњ…,upsample_bicubic2d;upsample_bicubic2d.out,вњ…,вњ…,вњ…,UpsampleBicubic2D;UpsampleBicubic2d
aclnnUpsampleBicubic2dAA,вњ…,_upsample_bicubic2d_aa;_upsample_bicubic2d_aa.out,вњ–пёЏ,вњ–пёЏ,вњ–пёЏ,
aclnnUpsampleBicubic2dAAGrad,вњ…,_upsample_bicubic2d_aa_backward;_upsample_bicubic2d_aa_backward.grad_input,вњ–пёЏ,вњ–пёЏ,вњ–пёЏ,
aclnnUpsampleBicubic2dBackward,вњ…,upsample_bicubic2d_backward;upsample_bicubic2d_backward.grad_input,вњ…,вњ…,вњ…,UpsampleBicubic2DGrad;UpsampleBicubic2dGrad
aclnnUpsampleBilinear2d,вњ…,upsample_bilinear2d;upsample_bilinear2d.out,вњ…,вњ…,вњ…,UpsampleBilinear2D;UpsampleBilinear2d
aclnnUpsampleBilinear2dAA,вњ…,_upsample_bilinear2d_aa;_upsample_bilinear2d_aa.out,вњ–пёЏ,вњ–пёЏ,вњ–пёЏ,
aclnnUpsampleBilinear2dAABackward,вњ…,_upsample_bilinear2d_aa_backward;_upsample_bilinear2d_aa_backward.grad_input,вњ–пёЏ,вњ–пёЏ,вњ–пёЏ,
aclnnUpsampleBilinear2dBackward,вњ…,,вњ–пёЏ,вњ–пёЏ,вњ–пёЏ,
aclnnUpsampleBilinear2dBackwardV2,вњ…,upsample_bilinear2d_backward;upsample_bilinear2d_backward.grad_input,вњ…,вњ…,вњ…,UpsampleBilinear2DGrad;UpsampleBilinear2dGrad
aclnnUpsampleLinear1d,вњ…,upsample_linear1d;upsample_linear1d.out,вњ…,вњ…,вњ…,UpsampleLinear1D;UpsampleLinear1d
aclnnUpsampleLinear1dBackward,вњ…,upsample_linear1d_backward,вњ…,вњ…,вњ…,UpsampleLinear1DGrad;UpsampleLinear1dGrad
aclnnUpsampleNearest1d,вњ…,,вњ…,вњ…,вњ…,UpsampleNearest1D;UpsampleNearest1d
aclnnUpsampleNearest1dBackward,вњ…,upsample_nearest1d_backward;upsample_nearest1d_backward.grad_input,вњ…,вњ…,вњ…,UpsampleNearest1DGrad;UpsampleNearest1dGrad
aclnnUpsampleNearest1dV2,вњ…,upsample_nearest1d;upsample_nearest1d.out,вњ–пёЏ,вњ–пёЏ,вњ–пёЏ,
aclnnUpsampleNearest2d,вњ…,,вњ…,вњ…,вњ…,UpsampleNearest2D;UpsampleNearest2d
aclnnUpsampleNearest2dBackward,вњ…,upsample_nearest2d_backward;upsample_nearest2d_backward.grad_input,вњ…,вњ…,вњ…,UpsampleNearest2DGrad;UpsampleNearest2dGrad
aclnnUpsampleNearest2dV2,вњ…,upsample_nearest2d;upsample_nearest2d.out,вњ–пёЏ,вњ–пёЏ,вњ–пёЏ,
aclnnUpsampleNearest3d,вњ…,upsample_nearest3d;upsample_nearest3d.out,вњ…,вњ…,вњ…,UpsampleNearest3D;UpsampleNearest3d
aclnnUpsampleNearest3dBackward,вњ…,upsample_nearest3d_backward;upsample_nearest3d_backward.grad_input,вњ…,вњ…,вњ…,UpsampleNearest3DGrad;UpsampleNearest3dGrad
aclnnUpsampleNearestExact1d,вњ…,_upsample_nearest_exact1d;_upsample_nearest_exact1d.out,вњ–пёЏ,вњ–пёЏ,вњ–пёЏ,
aclnnUpsampleNearestExact1dBackward,вњ…,_upsample_nearest_exact1d_backward;_upsample_nearest_exact1d_backward.grad_input,вњ–пёЏ,вњ–пёЏ,вњ–пёЏ,
aclnnUpsampleNearestExact2d,вњ…,_upsample_nearest_exact2d;_upsample_nearest_exact2d.out,вњ–пёЏ,вњ–пёЏ,вњ–пёЏ,
aclnnUpsampleNearestExact2dBackward,вњ…,_upsample_nearest_exact2d_backward;_upsample_nearest_exact2d_backward.grad_input,вњ–пёЏ,вњ–пёЏ,вњ–пёЏ,
aclnnUpsampleNearestExact3d,вњ…,_upsample_nearest_exact3d;_upsample_nearest_exact3d.out,вњ–пёЏ,вњ–пёЏ,вњ–пёЏ,
aclnnUpsampleNearestExact3dBackward,вњ…,_upsample_nearest_exact3d_backward;_upsample_nearest_exact3d_backward.grad_input,вњ–пёЏ,вњ–пёЏ,вњ–пёЏ,
aclnnUpsampleTrilinear3d,вњ…,upsample_trilinear3d;upsample_trilinear3d.out,вњ…,вњ…,вњ…,UpsampleTrilinear3D;UpsampleTrilinear3d
aclnnUpsampleTrilinear3dBackward,вњ…,upsample_trilinear3d_backward;upsample_trilinear3d_backward.grad_input,вњ…,вњ…,вњ…,UpsampleTrilinear3DGrad;UpsampleTrilinear3dGrad
aclnnVar,вњ–пёЏ,,вњ…,вњ…,вњ…,
aclnnVarCorrection,вњ…,var.correction;var.correction_out,вњ…,вњ…,вњ…,Var
aclnnVarMean,вњ…,var_mean.correction,вњ…,вњ…,вњ…,VarMean
aclnnWeightQuantBatchMatmul,вњ–пёЏ,,вњ–пёЏ,вњ–пёЏ,вњ–пёЏ,
aclnnWeightQuantBatchMatmulV2,вњ…,npu_weight_quant_batchmatmul,вњ…,вњ…,вњ…,WeightQuantBatchMatmul
aclnnWeightQuantBatchMatmulV3,вњ…,npu_weight_quant_batchmatmul,вњ–пёЏ,вњ–пёЏ,вњ–пёЏ,
aclnnWeightQuantMatmulAllReduce,вњ…,npu_mm_all_reduce_base,вњ–пёЏ,вњ–пёЏ,вњ–пёЏ,
aclnnWeightQuantMatmulAllReduceAddRmsNorm,вњ–пёЏ,,вњ–пёЏ,вњ–пёЏ,вњ–пёЏ,
aclnnXLogYScalarOther,вњ…,xlogy.OutScalar_Other;xlogy.Scalar_Other,вњ…,вњ…,вњ…,XLogYScalarOther
aclnnXLogYScalarSelf,вњ…,xlogy.OutScalar_Self;xlogy.Scalar_Self,вњ…,вњ…,вњ…,XLogYScalarSelf
aclnnXLogYTensor,вњ…,xlogy.OutTensor;xlogy.Tensor;xlogy_.Tensor,вњ…,вњ…,вњ…,Xlogy
